Subject,Filename,Page,Rule ID,Type,Issue,Message,Suggestions,Context
Food-and-Nutrition,gcse-food-and-nutrition---delivery-guide.md,5,MORFOLOGIK_RULE_EN_GB,misspelling,prereleased,Possible spelling mistake found.,"prerelease, prereleases",...year. Centres can choose one of the two prereleased briefs they would like learners to comp...
Food-and-Nutrition,gcse-food-and-nutrition---delivery-guide.md,5,MORFOLOGIK_RULE_EN_GB,misspelling,prereleased,Possible spelling mistake found.,"prerelease, prereleases",...ear. Learners can choose one of the two prereleased briefs they would like to complete.  Th...
Food-and-Nutrition,gcse-food-and-nutrition---delivery-guide.md,12,MORFOLOGIK_RULE_EN_GB,misspelling,wholewheat,Possible spelling mistake found.,whole wheat,... | (e) | Analyse the benefits of eating wholewheat pasta for a balanced diet. |  |  |  | |...
Food-and-Nutrition,gcse-food-and-nutrition---delivery-guide.md,12,MORFOLOGIK_RULE_EN_GB,misspelling,wholewheat,Possible spelling mistake found.,whole wheat,...and understanding in relation to eating wholewheat pasta.  Award up to **four** AO3 marks ...
Food-and-Nutrition,gcse-food-and-nutrition---delivery-guide.md,12,MORFOLOGIK_RULE_EN_GB,misspelling,wholewheat,Possible spelling mistake found.,whole wheat,... the analysis of the benefits of eating wholewheat pasta for a balanced diet  #### **Indic...
Food-and-Nutrition,gcse-food-and-nutrition---delivery-guide.md,12,MORFOLOGIK_RULE_EN_GB,misspelling,Wholewheat,Possible spelling mistake found.,Whole wheat,... Answers may refer to the following:  - Wholewheat pasta contains more fibre which helps t...
Food-and-Nutrition,gcse-food-and-nutrition---delivery-guide.md,12,MORFOLOGIK_RULE_EN_GB,misspelling,Wholewheat,Possible spelling mistake found.,Whole wheat,...upporting a healthy digestive system. - Wholewheat pasta is made from the wholegrain which...
Food-and-Nutrition,gcse-food-and-nutrition---delivery-guide.md,12,MORFOLOGIK_RULE_EN_GB,misspelling,Wholewheat,Possible spelling mistake found.,Whole wheat,"...gar regulation/cardiovascular health. - Wholewheat pasta is richer in minerals, for exampl..."
Food-and-Nutrition,gcse-food-and-nutrition---delivery-guide.md,12,MORFOLOGIK_RULE_EN_GB,misspelling,Wholewheat,Possible spelling mistake found.,Whole wheat,...cle function/nervous system function. - Wholewheat pasta is richer in vitamin B which main...
Food-and-Nutrition,gcse-food-and-nutrition---delivery-guide.md,12,MORFOLOGIK_RULE_EN_GB,misspelling,Wholewheat,Possible spelling mistake found.,Whole wheat,"... healthy skin, hair, teeth and nails. - Wholewheat pasta provides insoluble fibre in the d..."
Food-and-Nutrition,gcse-food-and-nutrition---delivery-guide.md,12,MORFOLOGIK_RULE_EN_GB,misspelling,wholewheat,Possible spelling mistake found.,whole wheat,... disadvantage which relate to consuming wholewheat pasta.  {13}---------------------------...
Food-and-Nutrition,gcse-food-and-nutrition---delivery-guide.md,13,MORFOLOGIK_RULE_EN_GB,misspelling,wholewheat,Possible spelling mistake found.,whole wheat,... the specific health benefits of eating wholewheat pasta.</li></ul> | Award 2 Marks A basi...
Food-and-Nutrition,gcse-food-and-nutrition---delivery-guide.md,13,MORFOLOGIK_RULE_EN_GB,misspelling,wholewheat,Possible spelling mistake found.,whole wheat,... the specific health benefits of eating wholewheat pasta.</li></ul> | Award 1 Mark A limit...
Food-and-Nutrition,gcse-food-and-nutrition---faqs.md,1,MORFOLOGIK_RULE_EN_GB,misspelling,socio-cultural,Possible spelling mistake found.,sociocultural,"...e economic, environmental, ethical, and socio-cultural influences on food availability and die..."
Food-and-Nutrition,gcse-food-and-nutrition---guidance-for-teaching-unit-1.md,27,MORFOLOGIK_RULE_EN_GB,misspelling,crosscurricular,Possible spelling mistake found.,cross curricular,...ers should be encouraged to apply their crosscurricular knowledge.  {28}-----------------------...
Food-and-Nutrition,gcse-food-and-nutrition---guidance-for-teaching-unit-1.md,48,MORFOLOGIK_RULE_EN_GB,misspelling,Spinabifida,Possible spelling mistake found.,Spina bifida,...g it easier for the body to digest. | | Spinabifida                           | A congenita...
Food-and-Nutrition,gcse-food-and-nutrition---guidance-for-teaching-unit-2.md,4,MORFOLOGIK_RULE_EN_GB,misspelling,prereleased,Possible spelling mistake found.,"prerelease, prereleases",...year. Centres can choose one of the two prereleased briefs they would like learners to comp...
Food-and-Nutrition,gcse-food-and-nutrition---guidance-for-teaching-unit-2.md,5,MORFOLOGIK_RULE_EN_GB,misspelling,ph,Possible spelling mistake found.,"pH, PH, Ph (+100 more)","...s could investigate how wheat, salt and ph. can influence the outcome of recipes b..."
Food-and-Nutrition,gcse-food-and-nutrition---guidance-for-teaching-unit-2.md,5,MORFOLOGIK_RULE_EN_GB,misspelling,munsel,Possible spelling mistake found.,mussel,"...Vitamin C.</li><li>Learners could use a munsel chart as a resource, to measure the out..."
Food-and-Nutrition,gcse-food-and-nutrition---guidance-for-teaching-unit-2.md,6,MORFOLOGIK_RULE_EN_GB,misspelling,lorraine,Possible spelling mistake found.,"Lorraine, Loraine, moraine (+4 more)","...when making an egg custard tart, quiche lorraine. Create charts of the cooking process, ..."
Food-and-Nutrition,gcse-food-and-nutrition---guidance-for-teaching-unit-2.md,8,MORFOLOGIK_RULE_EN_GB,misspelling,- gelation,Possible spelling mistake found.,"-g elation, - relation, - gelatin (+3 more)",... and mechanical action - foam formation - gelation - gluten formation - Maillard reaction ...
Food-and-Nutrition,gcse-food-and-nutrition---guidance-for-teaching-unit-2.md,8,MORFOLOGIK_RULE_EN_GB,misspelling,ph,Possible spelling mistake found.,"pH, PH, Ph (+100 more)","...erminology by explaining terms, such as ph. and acidity and how the chemical prope..."
Food-and-Nutrition,gcse-food-and-nutrition---guidance-for-teaching-unit-2.md,11,MORFOLOGIK_RULE_EN_GB,misspelling,int,Possible spelling mistake found.,"INT, in, it (+1503 more)",...ould happen to the batter if it was put int the oven instead of fried? Explore pair...
Food-and-Nutrition,gcse-food-and-nutrition---guidance-for-teaching-unit-3.md,4,MORFOLOGIK_RULE_EN_GB,misspelling,prereleased,Possible spelling mistake found.,"prerelease, prereleases",...ear. Learners can choose one of the two prereleased briefs they would like to complete.  Th...
Food-and-Nutrition,gcse-food-and-nutrition---guidance-for-teaching-unit-3.md,7,MORFOLOGIK_RULE_EN_GB,misspelling,Qur,Possible spelling mistake found.,"Our, Fur, EUR (+20 more)",...cording to Islamic law as stated in the Qur 'an. Muslims will also fast between sun...
Food-and-Nutrition,gcse-food-and-nutrition---guidance-for-teaching-unit-3.md,8,MORFOLOGIK_RULE_EN_GB,misspelling,Socio,Possible spelling mistake found.,Socko,...preservation listed in Section 1.5.3. - Socio -economic influences:   - A person's in...
Food-and-Nutrition,gcse-food-and-nutrition---guidance-for-teaching-unit-3.md,20,MORFOLOGIK_RULE_EN_GB,misspelling,classroombased,Possible spelling mistake found.,classroom based,... the dish. This could be completed as a classroombased exercise or be set as a homework task. ...
Food-and-Nutrition,gcse-food-and-nutrition---guidance-for-teaching-unit-3.md,33,MORFOLOGIK_RULE_EN_GB,misspelling,esearch,Possible spelling mistake found.,"research, search","...ers because it will enable them to** r**esearch, analyse, and present information effec..."
Food-and-Nutrition,gcse-food-and-nutrition---guidance-for-teaching-unit-3.md,35,MORFOLOGIK_RULE_EN_GB,misspelling,glutenfree,Possible spelling mistake found.,"gluten-free, gluten free","...to meet specific dietary needs, such as glutenfree, vegan, or low-sugar diets. By thinking..."
Food-and-Nutrition,gcse-food-and-nutrition---option-evening-flyer.md,0,MORFOLOGIK_RULE_EN_GB,misspelling,GCSF,Possible spelling mistake found.,"GCSE, CSF, UCSF (+8 more)",...-------------------------  # WHY CHOOSE GCSF  # FOOD AND NUTRITION  ![](_page_0_Pict...
Food-and-Nutrition,gcse-food-and-nutrition---option-evening-flyer.md,0,MORFOLOGIK_RULE_EN_GB,misspelling,socio-cultural,Possible spelling mistake found.,sociocultural,"...he economic, environmental, ethical and socio-cultural influences on food availability, produc..."
Food-and-Nutrition,gcse-food-and-nutrition---unit-1-principles-of-food-and-nutrition.md,5,MORFOLOGIK_RULE_EN_GB,misspelling,twostage,Possible spelling mistake found.,"two-stage, two stage",... can then be applied. This is done as a twostage process.  #### **Stage 1 – Deciding on ...
Food-and-Nutrition,gcse-food-and-nutrition---unit-1-principles-of-food-and-nutrition.md,12,MORFOLOGIK_RULE_EN_GB,misspelling,wholewheat,Possible spelling mistake found.,whole wheat,... | (e) | Analyse the benefits of eating wholewheat pasta for a balanced diet |  | |       ...
Food-and-Nutrition,gcse-food-and-nutrition---unit-1-principles-of-food-and-nutrition.md,12,MORFOLOGIK_RULE_EN_GB,misspelling,wholewheat,Possible spelling mistake found.,whole wheat,...and understanding in relation to eating wholewheat pasta.  Award up to **four** AO3 marks ...
Food-and-Nutrition,gcse-food-and-nutrition---unit-1-principles-of-food-and-nutrition.md,12,MORFOLOGIK_RULE_EN_GB,misspelling,wholewheat,Possible spelling mistake found.,Whole wheat,... Answers may refer to the following:  - wholewheat pasta contains more fibre which helps t...
Food-and-Nutrition,gcse-food-and-nutrition---unit-1-principles-of-food-and-nutrition.md,12,MORFOLOGIK_RULE_EN_GB,misspelling,wholewheat,Possible spelling mistake found.,Whole wheat,...upporting a healthy digestive system. - wholewheat pasta is made from the wholegrain which...
Food-and-Nutrition,gcse-food-and-nutrition---unit-1-principles-of-food-and-nutrition.md,12,MORFOLOGIK_RULE_EN_GB,misspelling,wholewheat,Possible spelling mistake found.,Whole wheat,"...gar regulation/cardiovascular health. - wholewheat pasta is richer in minerals, for exampl..."
Food-and-Nutrition,gcse-food-and-nutrition---unit-1-principles-of-food-and-nutrition.md,12,MORFOLOGIK_RULE_EN_GB,misspelling,wholewheat,Possible spelling mistake found.,Whole wheat,...cle function/nervous system function. - wholewheat pasta is richer in vitamin B which main...
Food-and-Nutrition,gcse-food-and-nutrition---unit-1-principles-of-food-and-nutrition.md,12,MORFOLOGIK_RULE_EN_GB,misspelling,wholewheat,Possible spelling mistake found.,Whole wheat,"... healthy skin, hair, teeth and nails. - wholewheat pasta provides insoluble fibre in the d..."
Food-and-Nutrition,gcse-food-and-nutrition---unit-1-principles-of-food-and-nutrition.md,12,MORFOLOGIK_RULE_EN_GB,misspelling,wholewheat,Possible spelling mistake found.,whole wheat,... disadvantage which relate to consuming wholewheat pasta.  | Band | AO2                   ...
Food-and-Nutrition,gcse-food-and-nutrition---unit-1-principles-of-food-and-nutrition.md,19,MORFOLOGIK_RULE_EN_GB,misspelling,flavor,Possible spelling mistake. ‘flavor’ is American English.,flavour,...rtain vitamins to be absorbed. Develops flavor – enhancing aroma and texture. To preve...
Food-and-Nutrition,gcse-food-and-nutrition---unit-1-principles-of-food-and-nutrition.md,28,MORFOLOGIK_RULE_EN_GB,misspelling,sti,Possible spelling mistake found.,"STI, St, sit (+1494 more)",...---|-------------|-----------| |  | n o sti |  |  |  |  |  |  |  |  |  |  | Topic a...
Food-and-Nutrition,gcse-food-and-nutrition---unit-1-principles-of-food-and-nutrition.md,28,MORFOLOGIK_RULE_EN_GB,misspelling,otal,Possible spelling mistake found.,"total, oral, oval (+9 more)",.... 1. | 3 6. 1. | O1 A | 2 O A | 3 O A | otal T | | 1           | a             |    ...
Food-and-Nutrition,gcse-food-and-nutrition---unit-3-food-and-nutrition-in-action.md,10,MORFOLOGIK_RULE_EN_GB,misspelling,trialing,Possible spelling mistake. ‘trialing’ is American English.,trialling,"... work should show evidence of research, trialing of dishes, selection of dishes, justifi..."
Food-and-Nutrition,gcse-food-and-nutrition---unit-3-food-and-nutrition-in-action.md,10,MORFOLOGIK_RULE_EN_GB,misspelling,trialing,Possible spelling mistake. ‘trialing’ is American English.,trialling,...gation of your chosen brief (to include trialing and testing)  Task 2 (a) - Selection an...
Food-and-Nutrition,gcse-food-and-nutrition---unit-3-food-and-nutrition-in-action.md,11,MORFOLOGIK_RULE_EN_GB,misspelling,trialing,Possible spelling mistake. ‘trialing’ is American English.,trialling,...vestigate your chosen brief (to include trialing and testing). |  | Supervision: Direct ...
Food-and-Nutrition,gcse-food-and-nutrition---unit-3-food-and-nutrition-in-action.md,18,MORFOLOGIK_RULE_EN_GB,misspelling,trialing,Possible spelling mistake. ‘trialing’ is American English.,trialling,...nvestigate the chosen brief (to include trialing and testing).  Research should link to ...
Food-and-Nutrition,gcse-food-and-nutrition---unit-3-food-and-nutrition-in-action.md,31,MORFOLOGIK_RULE_EN_GB,misspelling,skillfully,Possible spelling mistake. ‘skillfully’ is American English.,skilfully,...  |  |  |  | |  | <ul><li>Garnishes are skillfully produced</li><li>Food styling has been ...
Food-and-Nutrition,gcse-food-and-nutrition---unit-3-food-and-nutrition-in-action.md,31,MORFOLOGIK_RULE_EN_GB,misspelling,colors,Possible spelling mistake. ‘colors’ is American English.,colours,... | | Band 2 | <ul><li>A good variety of colors may be evident within the food outcomes...
Food-and-Nutrition,gcse-food-and-nutrition---unit-3-food-and-nutrition-in-action.md,31,MORFOLOGIK_RULE_EN_GB,misspelling,skillfully,Possible spelling mistake. ‘skillfully’ is American English.,skilfully,... |  | |  | <ul><li>Garnishes are mostly skillfully produced</li></ul> |  |  |  |  |  |  | ...
Food-and-Nutrition,gcse-food-and-nutrition---unit-3-non-exam-assessment-pack.md,10,MORFOLOGIK_RULE_EN_GB,misspelling,trialing,Possible spelling mistake. ‘trialing’ is American English.,trialling,"... work should show evidence of research, trialing of dishes, selection of dishes, justifi..."
Food-and-Nutrition,gcse-food-and-nutrition---unit-3-non-exam-assessment-pack.md,10,MORFOLOGIK_RULE_EN_GB,misspelling,trialing,Possible spelling mistake. ‘trialing’ is American English.,trialling,...gation of your chosen brief (to include trialing and testing)  Task 2 (a) - Selection an...
Food-and-Nutrition,gcse-food-and-nutrition---unit-3-non-exam-assessment-pack.md,11,MORFOLOGIK_RULE_EN_GB,misspelling,trialing,Possible spelling mistake. ‘trialing’ is American English.,trialling,...vestigate your chosen brief (to include trialing and testing). |  | Supervision: Direct ...
Food-and-Nutrition,gcse-food-and-nutrition---unit-3-non-exam-assessment-pack.md,18,MORFOLOGIK_RULE_EN_GB,misspelling,trialing,Possible spelling mistake. ‘trialing’ is American English.,trialling,...nvestigate the chosen brief (to include trialing and testing).  Research should link to ...
Food-and-Nutrition,gcse-food-and-nutrition---unit-3-non-exam-assessment-pack.md,31,MORFOLOGIK_RULE_EN_GB,misspelling,skillfully,Possible spelling mistake. ‘skillfully’ is American English.,skilfully,...  |  |  |  | |  | <ul><li>Garnishes are skillfully produced</li><li>Food styling has been ...
Food-and-Nutrition,gcse-food-and-nutrition---unit-3-non-exam-assessment-pack.md,31,MORFOLOGIK_RULE_EN_GB,misspelling,colors,Possible spelling mistake. ‘colors’ is American English.,colours,... | | Band 2 | <ul><li>A good variety of colors may be evident within the food outcomes...
Food-and-Nutrition,gcse-food-and-nutrition---unit-3-non-exam-assessment-pack.md,31,MORFOLOGIK_RULE_EN_GB,misspelling,skillfully,Possible spelling mistake. ‘skillfully’ is American English.,skilfully,... |  | |  | <ul><li>Garnishes are mostly skillfully produced</li></ul> |  |  |  |  |  |  | ...
Food-and-Nutrition,overview-of-consultation-findings.md,1,MORFOLOGIK_RULE_EN_GB,misspelling,Exper,Possible spelling mistake found.,"Expert, Expel, Esper",... and Communication Area of Learning and Exper | ience .15 | | Level 2 Award in Additi...
Food-and-Nutrition,overview-of-consultation-findings.md,1,MORFOLOGIK_RULE_EN_GB,misspelling,ience,Possible spelling mistake found.,"hence, fence, pence (+1 more)",...munication Area of Learning and Exper | ience .15 | | Level 2 Award in Additional Cor...
Food-and-Nutrition,overview-of-consultation-findings.md,2,MORFOLOGIK_RULE_EN_GB,misspelling,made-for-wales-gcses,Possible spelling mistake found.,made-for-wales-GCSEs,...form/reforming/qualified-for-the-future/made-for-wales-gcses/#approval-criteria\)](https://qualifica...
Food-and-Nutrition,resources-for-new-gcse.md,5,MORFOLOGIK_RULE_EN_GB,misspelling,bywyd,Possible spelling mistake found.,"Boyd, Byrd, bowed (+12 more)",...mae anghenion maeth yn newid dros gamau bywyd. - Anghenion maeth unigolion ag angheni...
Food-and-Nutrition,resources-for-new-gcse.md,5,MORFOLOGIK_RULE_EN_GB,misspelling,Anghenion,Possible spelling mistake found.,"Infection, Inferior, Affection (+11 more)",...nion maeth yn newid dros gamau bywyd. - Anghenion maeth unigolion ag anghenion dietegol n...
Food-and-Nutrition,resources-for-new-gcse.md,5,MORFOLOGIK_RULE_EN_GB,misspelling,unigolion,Possible spelling mistake found.,"Univision, Nicolson, ungolden",...wid dros gamau bywyd. - Anghenion maeth unigolion ag anghenion dietegol neu ddiffygion pe...
Food-and-Nutrition,resources-for-new-gcse.md,5,MORFOLOGIK_RULE_EN_GB,misspelling,ag,Possible spelling mistake found.,"AG, Ag, a (+166 more)",...amau bywyd. - Anghenion maeth unigolion ag anghenion dietegol neu ddiffygion penod...
Food-and-Nutrition,resources-for-new-gcse.md,5,MORFOLOGIK_RULE_EN_GB,misspelling,dietegol,Possible spelling mistake found.,"diesel, Diego, dieters (+7 more)",... Anghenion maeth unigolion ag anghenion dietegol neu ddiffygion penodol. - Tueddiadau pr...
Food-and-Nutrition,resources-for-new-gcse.md,5,MORFOLOGIK_RULE_EN_GB,misspelling,neu,Possible spelling mistake found.,"new, EU, net (+41 more)",...n maeth unigolion ag anghenion dietegol neu ddiffygion penodol. - Tueddiadau presen...
Food-and-Nutrition,resources-for-new-gcse.md,5,MORFOLOGIK_RULE_EN_GB,misspelling,ddiffygion,Possible spelling mistake found.,diffusion,...eth unigolion ag anghenion dietegol neu ddiffygion penodol. - Tueddiadau presennol sy'n ym...
Food-and-Nutrition,resources-for-new-gcse.md,5,MORFOLOGIK_RULE_EN_GB,misspelling,penodol,Possible spelling mistake found.,"pool, pension, pedal (+52 more)",...on ag anghenion dietegol neu ddiffygion penodol. - Tueddiadau presennol sy'n ymwneud â ...
Food-and-Nutrition,resources-for-new-gcse.md,5,MORFOLOGIK_RULE_EN_GB,misspelling,Tueddiadau,Possible spelling mistake found.,,...nion dietegol neu ddiffygion penodol. - Tueddiadau presennol sy'n ymwneud â materion deiet...
Food-and-Nutrition,resources-for-new-gcse.md,5,MORFOLOGIK_RULE_EN_GB,misspelling,presennol,Possible spelling mistake found.,"present, presence, presented (+13 more)",...ol neu ddiffygion penodol. - Tueddiadau presennol sy'n ymwneud â materion deiet yng Nghym...
Food-and-Nutrition,resources-for-new-gcse.md,5,MORFOLOGIK_RULE_EN_GB,misspelling,sy,Possible spelling mistake found.,"SY, by, my (+82 more)",...ffygion penodol. - Tueddiadau presennol sy'n ymwneud â materion deiet yng Nghymru ...
Food-and-Nutrition,resources-for-new-gcse.md,5,MORFOLOGIK_RULE_EN_GB,misspelling,ymwneud,Possible spelling mistake found.,yawned,...on penodol. - Tueddiadau presennol sy'n ymwneud â materion deiet yng Nghymru  - How nut...
Food-and-Nutrition,resources-for-new-gcse.md,5,MORFOLOGIK_RULE_EN_GB,misspelling,materion,Possible spelling mistake found.,,.... - Tueddiadau presennol sy'n ymwneud â materion deiet yng Nghymru  - How nutritional ne...
Food-and-Nutrition,resources-for-new-gcse.md,5,MORFOLOGIK_RULE_EN_GB,misspelling,yng,Possible spelling mistake found.,"CNG, LNG, PNG (+23 more)",...presennol sy'n ymwneud â materion deiet yng Nghymru  - How nutritional needs change...
Food-and-Nutrition,resources-for-new-gcse.md,5,MORFOLOGIK_RULE_EN_GB,misspelling,Nghymru,Possible spelling mistake found.,"Nehru, Cymru",...ennol sy'n ymwneud â materion deiet yng Nghymru  - How nutritional needs change over th...
Food-and-Nutrition,resources-for-new-gcse.md,6,MORFOLOGIK_RULE_EN_GB,misspelling,rydym,Possible spelling mistake found.,"Ryder, Rudy, Radom (+2 more)",...ood  ![](_page_6_Picture_2.jpeg)  - Pam rydym yn coginio bwyd. - Dulliau trosglwyddo ...
Food-and-Nutrition,resources-for-new-gcse.md,6,MORFOLOGIK_RULE_EN_GB,misspelling,coginio,Possible spelling mistake found.,"yogini, yoginis",..._page_6_Picture_2.jpeg)  - Pam rydym yn coginio bwyd. - Dulliau trosglwyddo gwres. - Du...
Food-and-Nutrition,resources-for-new-gcse.md,6,MORFOLOGIK_RULE_EN_GB,misspelling,Dulliau,Possible spelling mistake found.,"Dulling, Dullish",...2.jpeg)  - Pam rydym yn coginio bwyd. - Dulliau trosglwyddo gwres. - Dulliau coginio.  ...
Food-and-Nutrition,resources-for-new-gcse.md,6,MORFOLOGIK_RULE_EN_GB,misspelling,trosglwyddo,Possible spelling mistake found.,,... - Pam rydym yn coginio bwyd. - Dulliau trosglwyddo gwres. - Dulliau coginio.  - Why we coo...
Food-and-Nutrition,resources-for-new-gcse.md,6,MORFOLOGIK_RULE_EN_GB,misspelling,gwres,Possible spelling mistake found.,"gores, gyres",... yn coginio bwyd. - Dulliau trosglwyddo gwres. - Dulliau coginio.  - Why we cook food...
Food-and-Nutrition,resources-for-new-gcse.md,6,MORFOLOGIK_RULE_EN_GB,misspelling,Dulliau,Possible spelling mistake found.,"Dulling, Dullish",...io bwyd. - Dulliau trosglwyddo gwres. - Dulliau coginio.  - Why we cook food. - Methods...
Food-and-Nutrition,resources-for-new-gcse.md,6,MORFOLOGIK_RULE_EN_GB,misspelling,coginio,Possible spelling mistake found.,"yogini, yoginis",... - Dulliau trosglwyddo gwres. - Dulliau coginio.  - Why we cook food. - Methods of heat...
Food-and-Nutrition,resources-for-new-gcse.md,7,MORFOLOGIK_RULE_EN_GB,misspelling,Storio,Possible spelling mistake found.,"Story, Stories, Studio (+34 more)",...poilage  ![](_page_7_Picture_2.jpeg)  - Storio a rheoli tymheredd. - Hylendid a diogel...
Food-and-Nutrition,resources-for-new-gcse.md,7,MORFOLOGIK_RULE_EN_GB,misspelling,rheoli,Possible spelling mistake found.,"Sheol, RHEL",...![](_page_7_Picture_2.jpeg)  - Storio a rheoli tymheredd. - Hylendid a diogelwch. - Ca...
Food-and-Nutrition,resources-for-new-gcse.md,7,MORFOLOGIK_RULE_EN_GB,misspelling,tymheredd,Possible spelling mistake found.,"tempered, tethered, timbered (+2 more)",...ge_7_Picture_2.jpeg)  - Storio a rheoli tymheredd. - Hylendid a diogelwch. - Cadwoli. - G...
Food-and-Nutrition,resources-for-new-gcse.md,7,MORFOLOGIK_RULE_EN_GB,misspelling,Hylendid,Possible spelling mistake found.,"Splendid, Hyenoid",...2.jpeg)  - Storio a rheoli tymheredd. - Hylendid a diogelwch. - Cadwoli. - Gwenwyn bwyd....
Food-and-Nutrition,resources-for-new-gcse.md,7,MORFOLOGIK_RULE_EN_GB,misspelling,diogelwch,Possible spelling mistake found.,"Diogenic, dirgelike",...Storio a rheoli tymheredd. - Hylendid a diogelwch. - Cadwoli. - Gwenwyn bwyd.  Adnoddau C...
Food-and-Nutrition,resources-for-new-gcse.md,7,MORFOLOGIK_RULE_EN_GB,misspelling,Cadwoli,Possible spelling mistake found.,Cannoli,...li tymheredd. - Hylendid a diogelwch. - Cadwoli. - Gwenwyn bwyd.  Adnoddau CBAC/WJEC Re...
Food-and-Nutrition,resources-for-new-gcse.md,7,MORFOLOGIK_RULE_EN_GB,misspelling,Gwenwyn,Possible spelling mistake found.,"Twenty, Glenn, Gwen (+14 more)",...d. - Hylendid a diogelwch. - Cadwoli. - Gwenwyn bwyd.  Adnoddau CBAC/WJEC Resources  [h...
Food-and-Nutrition,resources-for-new-gcse.md,8,MORFOLOGIK_RULE_EN_GB,misspelling,Tarddiad,Possible spelling mistake found.,"Cardiac, Parodied, Triad (+9 more)",...to fork  ![](_page_8_Picture_2.jpeg)  - Tarddiad bwyd. - Bwyd a'r amgylchedd. - Prosesu ...
Food-and-Nutrition,resources-for-new-gcse.md,8,MORFOLOGIK_RULE_EN_GB,misspelling,amgylchedd,Possible spelling mistake found.,,...re_2.jpeg)  - Tarddiad bwyd. - Bwyd a'r amgylchedd. - Prosesu bwyd cynradd ac eilaidd.  - ...
Food-and-Nutrition,resources-for-new-gcse.md,8,MORFOLOGIK_RULE_EN_GB,misspelling,Prosesu,Possible spelling mistake found.,"Proses, Pros esu",...Tarddiad bwyd. - Bwyd a'r amgylchedd. - Prosesu bwyd cynradd ac eilaidd.  - Food origin...
Food-and-Nutrition,resources-for-new-gcse.md,8,MORFOLOGIK_RULE_EN_GB,misspelling,cynradd,Possible spelling mistake found.,Conrad,.... - Bwyd a'r amgylchedd. - Prosesu bwyd cynradd ac eilaidd.  - Food origin. - Food and ...
Food-and-Nutrition,resources-for-new-gcse.md,8,MORFOLOGIK_RULE_EN_GB,misspelling,eilaidd,Possible spelling mistake found.,"laid, Elaine, inlaid (+30 more)",...r amgylchedd. - Prosesu bwyd cynradd ac eilaidd.  - Food origin. - Food and the environ...
Food-and-Nutrition,resources-for-new-gcse.md,9,MORFOLOGIK_RULE_EN_GB,misspelling,Ymchwiliad,Possible spelling mistake found.,Chiliad,...-------------------------  ## Uned 2 Yr Ymchwiliad Bwyd/Unit 2 The Food Investigation  ![]...
Food-and-Nutrition,resources-for-new-gcse.md,9,MORFOLOGIK_RULE_EN_GB,misspelling,Gwyddor,Possible spelling mistake found.,"Fyodor, Gwalior, Wedder (+2 more)",...igation  ![](_page_9_Picture_2.jpeg)  - Gwyddor bwyd. - Cynllunio arbrofion gwyddor bwy...
Food-and-Nutrition,resources-for-new-gcse.md,9,MORFOLOGIK_RULE_EN_GB,misspelling,Cynllunio,Possible spelling mistake found.,,...ge_9_Picture_2.jpeg)  - Gwyddor bwyd. - Cynllunio arbrofion gwyddor bwyd. - Gwyddor bwyd ...
Food-and-Nutrition,resources-for-new-gcse.md,9,MORFOLOGIK_RULE_EN_GB,misspelling,arbrofion,Possible spelling mistake found.,"abortion, abrasion, acromion (+1 more)",...re_2.jpeg)  - Gwyddor bwyd. - Cynllunio arbrofion gwyddor bwyd. - Gwyddor bwyd ar waith. ...
Food-and-Nutrition,resources-for-new-gcse.md,9,MORFOLOGIK_RULE_EN_GB,misspelling,gwyddor,Possible spelling mistake found.,"Fyodor, Gwalior, wedder (+2 more)",...  - Gwyddor bwyd. - Cynllunio arbrofion gwyddor bwyd. - Gwyddor bwyd ar waith.  - The s...
Food-and-Nutrition,resources-for-new-gcse.md,9,MORFOLOGIK_RULE_EN_GB,misspelling,Gwyddor,Possible spelling mistake found.,"Fyodor, Gwalior, Wedder (+2 more)",.... - Cynllunio arbrofion gwyddor bwyd. - Gwyddor bwyd ar waith.  - The science of food. ...
Food-and-Nutrition,resources-for-new-gcse.md,9,MORFOLOGIK_RULE_EN_GB,misspelling,waith,Possible spelling mistake found.,"with, wait, faith (+5 more)",...brofion gwyddor bwyd. - Gwyddor bwyd ar waith.  - The science of food. - Planning foo...
Food-and-Nutrition,resources-for-new-gcse.md,9,MORFOLOGIK_RULE_EN_GB,misspelling,Gwyddor,Possible spelling mistake found.,"Fyodor, Gwalior, Wedder (+2 more)",...ot endorsed by WJEC but may be useful  [Gwyddor bwyd \(14-16 oed\) –](https://www.fooda...
Food-and-Nutrition,resources-for-new-gcse.md,9,MORFOLOGIK_RULE_EN_GB,misspelling,oed,Possible spelling mistake found.,"OED, led, old (+1555 more)",...ut may be useful  [Gwyddor bwyd \(14-16 oed\) –](https://www.foodafactoflife.org.uk...
Food-and-Nutrition,resources-for-new-gcse.md,10,MORFOLOGIK_RULE_EN_GB,misspelling,waith,Possible spelling mistake found.,"with, wait, faith (+5 more)",...------------  ## Uned 3 Bwyd a Maeth ar waith/Unit 3 Food & Nutrition in action  ![](...
Food-and-Nutrition,resources-for-new-gcse.md,10,MORFOLOGIK_RULE_EN_GB,misspelling,Ffactorau,Possible spelling mistake found.,"Factor, Factors, Factory (+4 more)",...action  ![](_page_10_Picture_2.jpeg)  - Ffactorau sy'n effeithio ar ddewisiadau bwyd. - T...
Food-and-Nutrition,resources-for-new-gcse.md,10,MORFOLOGIK_RULE_EN_GB,misspelling,sy,Possible spelling mistake found.,"SY, by, my (+82 more)",...](_page_10_Picture_2.jpeg)  - Ffactorau sy'n effeithio ar ddewisiadau bwyd. - Tech...
Food-and-Nutrition,resources-for-new-gcse.md,10,MORFOLOGIK_RULE_EN_GB,misspelling,effeithio,Possible spelling mistake found.,,...ge_10_Picture_2.jpeg)  - Ffactorau sy'n effeithio ar ddewisiadau bwyd. - Technegau cynllu...
Food-and-Nutrition,resources-for-new-gcse.md,10,MORFOLOGIK_RULE_EN_GB,misspelling,ddewisiadau,Possible spelling mistake found.,,"..._2.jpeg)  - Ffactorau sy'n effeithio ar ddewisiadau bwyd. - Technegau cynllunio, paratoi a ..."
Food-and-Nutrition,resources-for-new-gcse.md,10,MORFOLOGIK_RULE_EN_GB,misspelling,Technegau,Possible spelling mistake found.,"Technical, Technetium, Tokelau","...u sy'n effeithio ar ddewisiadau bwyd. - Technegau cynllunio, paratoi a choginio bwyd - Co..."
Food-and-Nutrition,resources-for-new-gcse.md,10,MORFOLOGIK_RULE_EN_GB,misspelling,cynllunio,Possible spelling mistake found.,,"...eithio ar ddewisiadau bwyd. - Technegau cynllunio, paratoi a choginio bwyd - Coginio ar g..."
Food-and-Nutrition,resources-for-new-gcse.md,10,MORFOLOGIK_RULE_EN_GB,misspelling,paratoi,Possible spelling mistake found.,"paradox, Marathi, paranoia (+9 more)","...dewisiadau bwyd. - Technegau cynllunio, paratoi a choginio bwyd - Coginio ar gyfer cynu..."
Food-and-Nutrition,resources-for-new-gcse.md,10,MORFOLOGIK_RULE_EN_GB,misspelling,choginio,Possible spelling mistake found.,"Chopin, choking, hominid (+15 more)","... bwyd. - Technegau cynllunio, paratoi a choginio bwyd - Coginio ar gyfer cynulleidfa a p..."
Food-and-Nutrition,resources-for-new-gcse.md,10,MORFOLOGIK_RULE_EN_GB,misspelling,cynulleidfa,Possible spelling mistake found.,,...atoi a choginio bwyd - Coginio ar gyfer cynulleidfa a phwrpas.  - Factors affecting food ch...
Food-and-Nutrition,resources-for-new-gcse.md,10,MORFOLOGIK_RULE_EN_GB,misspelling,phwrpas,Possible spelling mistake found.,"Sherpas, fraps",...o bwyd - Coginio ar gyfer cynulleidfa a phwrpas.  - Factors affecting food choices. - F...
Food-and-Nutrition,resources-for-new-gcse.md,10,MORFOLOGIK_RULE_EN_GB,misspelling,Gwyddor,Possible spelling mistake found.,"Fyodor, Gwalior, Wedder (+2 more)",...ot endorsed by WJEC but may be useful  [Gwyddor bwyd \(11-14 oed\) –](https://www.fooda...
Food-and-Nutrition,resources-for-new-gcse.md,10,MORFOLOGIK_RULE_EN_GB,misspelling,oed,Possible spelling mistake found.,"OED, led, old (+1555 more)",...ut may be useful  [Gwyddor bwyd \(11-14 oed\) –](https://www.foodafactoflife.org.uk...
Food-and-Nutrition,resources-for-new-gcse.md,10,MORFOLOGIK_RULE_EN_GB,misspelling,Gwyddor,Possible spelling mistake found.,"Fyodor, Gwalior, Wedder (+2 more)",...is-11-14-years/) 'Food A Fact of Life' [Gwyddor bwyd \(14-16 oed\) –](https://www.fooda...
Food-and-Nutrition,resources-for-new-gcse.md,10,MORFOLOGIK_RULE_EN_GB,misspelling,oed,Possible spelling mistake found.,"OED, led, old (+1555 more)",...d A Fact of Life' [Gwyddor bwyd \(14-16 oed\) –](https://www.foodafactoflife.org.uk...
Food-and-Nutrition,resources-for-new-gcse.md,10,MORFOLOGIK_RULE_EN_GB,misspelling,coginio,Possible spelling mistake found.,"yogini, yoginis",...oodafactoflife.org.uk/recipes/) [Fideos coginio \(14-16 Years\) –](https://www.foodafac...
Food-and-Nutrition,techniques-summary.md,1,MORFOLOGIK_RULE_EN_GB,misspelling,Barbeque,Possible spelling mistake found.,Barbecue,...       |                            | | Barbeque chicken wings | Applying ready-made sau...
Food-and-Nutrition,techniques-summary.md,3,MORFOLOGIK_RULE_EN_GB,misspelling,gratinated,Possible spelling mistake found.,"gravitated, patinated",...    | |                      | and well gratinated                                        ...
Food-and-Nutrition,techniques-summary.md,4,MORFOLOGIK_RULE_EN_GB,misspelling,Panéing,Possible spelling mistake found.,"Panning, Panting",...le shape (if needed) Making breadcrumbs Panéing Shallow/deep fat frying | Blending * Be...
Food-and-Nutrition,techniques-summary.md,4,MORFOLOGIK_RULE_EN_GB,misspelling,goujons,Possible spelling mistake found.,"coupons, goons, gorgons (+3 more)",...Deep fat Frying *** | | Breaded chicken goujons/escalope (breast) | (assuming pre-prepa...
Food-and-Nutrition,techniques-summary.md,4,MORFOLOGIK_RULE_EN_GB,misspelling,goujons,Possible spelling mistake found.,"coupons, goons, gorgons (+3 more)",...icken breast into thin and evenly sized goujons or | Blending * Beating * Shaping *** |...
Food-and-Nutrition,techniques-summary.md,5,MORFOLOGIK_RULE_EN_GB,misspelling,Panéing,Possible spelling mistake found.,"Panning, Panting",...              | |                     | Panéing                       |              | ...
Food-and-Nutrition,techniques-summary.md,5,MORFOLOGIK_RULE_EN_GB,misspelling,griddled,Possible spelling mistake found.,"riddled, griddle, gridded (+2 more)",...ghing ** | Dicing ** | Griddling ** | | griddled chicken)   | dicing salad ingredients. ...
Food-and-Nutrition,techniques-summary.md,5,MORFOLOGIK_RULE_EN_GB,misspelling,caesar,Possible spelling mistake found.,"Caesar, Cesar, Caesars (+25 more)",...     | De-boning *** | Emulsifying *** (caesar | |                     | Making crouto...
Food-and-Nutrition,techniques-summary.md,6,MORFOLOGIK_RULE_EN_GB,misspelling,gratinated,Possible spelling mistake found.,"gravitated, patinated","...m scratch, and finished Product is well gratinated | Weighing ** Measuring ** Grating * Bl..."
Food-and-Nutrition,techniques-summary.md,9,MORFOLOGIK_RULE_EN_GB,misspelling,chasseur,Possible spelling mistake found.,"chaser, masseur, kaiser (+7 more)",...----------------------------| | Chicken chasseur | Chicken (could also make a stock usin...
Food-and-Nutrition,techniques-summary.md,9,MORFOLOGIK_RULE_EN_GB,misspelling,mein,Possible spelling mistake found.,"main, men, mean (+15 more)",...Boiling * Reduction ** | | Chicken chow mein | (assuming ready-made sauce and pre-pr...
Food-and-Nutrition,techniques-summary.md,12,MORFOLOGIK_RULE_EN_GB,misspelling,Daking,Possible spelling mistake found.,"Making, Taking, Dating (+8 more)",...ng *            | Dicing **           | Daking                     | |                ...
Food-and-Nutrition,techniques-summary.md,12,MORFOLOGIK_RULE_EN_GB,misspelling,Fibilig,Possible spelling mistake found.,"Failing, Firing, Filling (+38 more)","...         | vegetables, crushing       | Fibilig              |                     |   ..."
Food-and-Nutrition,techniques-summary.md,13,MORFOLOGIK_RULE_EN_GB,misspelling,Panéing,Possible spelling mistake found.,"Panning, Panting",...        | |                           | Panéing                    |                   ...
Food-and-Nutrition,techniques-summary.md,14,MORFOLOGIK_RULE_EN_GB,misspelling,papillote,Possible spelling mistake found.,"papillate, papillose",...n for roux*** | | Welsh trout cooked en papillote | gratinated Flesh has been removed cle...
Food-and-Nutrition,techniques-summary.md,14,MORFOLOGIK_RULE_EN_GB,misspelling,gratinated,Possible spelling mistake found.,"gravitated, patinated",...* | | Welsh trout cooked en papillote | gratinated Flesh has been removed cleanly from the...
Food-and-Nutrition,techniques-summary.md,21,MORFOLOGIK_RULE_EN_GB,misspelling,Bakewell,Possible spelling mistake found.,Bake well,...------------------------------------| | Bakewell tart (raspberry) | Correct viscosity Sh...
Food-and-Nutrition,techniques-summary.md,24,MORFOLOGIK_RULE_EN_GB,misspelling,squidgy,Possible spelling mistake found.,"squid, squids, squishy (+5 more)",...     | |                         | have squidgy texture      |                    |    ...
Food-and-Nutrition,techniques-summary.md,28,MORFOLOGIK_RULE_EN_GB,misspelling,choux,Possible spelling mistake found.,Chou,...ghing **              | Boiling *  | | (choux pastry)       | mix come to a rolling  ...
Food-and-Nutrition,techniques-summary.md,28,MORFOLOGIK_RULE_EN_GB,misspelling,choux,Possible spelling mistake found.,Chou,... |                      | Producing raw choux                                        ...
Food-and-Nutrition,unit-2---work-smarter-not-harder.md,4,MORFOLOGIK_RULE_EN_GB,misspelling,wjec-gcse-food-and-nutrition,Possible spelling mistake found.,"AJEC-gcse-food-and-nutrition, wjec-GCSE-food-and-nutrition",... adapted?  ![](_page_4_Figure_5.jpeg)  [wjec-gcse-food-and-nutrition](https://www.wjec.co.uk/media/kz4d5q2l/...
Food-and-Nutrition,unit-2---work-smarter-not-harder.md,9,MORFOLOGIK_RULE_EN_GB,misspelling,MUNSELL,Possible spelling mistake found.,"RUSSELL, MUSSEL, MUSSELS (+11 more)",...-----------------------------------  ## MUNSELL CHARTS… GO TO YOUR LOCAL DIY STORE  ![]...
Food-and-Nutrition,unit-2---work-smarter-not-harder.md,9,MORFOLOGIK_RULE_EN_GB,misspelling,choux,Possible spelling mistake found.,Chou,"... a variable. For example bread, pastry, choux, biscuits, green vegetables. Use your o..."
Food-and-Nutrition,unit-2---work-smarter-not-harder.md,11,MORFOLOGIK_RULE_EN_GB,misspelling,softwear,Possible spelling mistake found.,soft wear,"...ks well, or wrap text, depending on the softwear you have in school. How would you label..."
Food-and-Nutrition,unit-2---work-smarter-not-harder.md,12,MORFOLOGIK_RULE_EN_GB,misspelling,classbooks,Possible spelling mistake found.,class books,...om wall or make a sheet to put in their classbooks to complete every time they cook.  {13}...
Food-and-Nutrition,unit-2---work-smarter-not-harder.md,13,MORFOLOGIK_RULE_EN_GB,misspelling,wnload,Possible spelling mistake found.,unload,...face/blobstorage/download?nodeId=5384) [wnload?nodeId=5384](https://www.wjec.co.uk/umb...
Food-and-Nutrition,unit-2---work-smarter-not-harder.md,13,MORFOLOGIK_RULE_EN_GB,misspelling,nodeId,Possible spelling mistake found.,node Id,...obstorage/download?nodeId=5384) [wnload?nodeId=5384](https://www.wjec.co.uk/umbraco/su...
Food-and-Nutrition,unit-3---presenting-food-outcomes.md,5,MORFOLOGIK_RULE_EN_GB,misspelling,dem,Possible spelling mistake found.,"them, DEM, Dem (+1590 more)",...e is chef who can spare an hour to do a dem with your Year 10? Many learners may ha...
Food-and-Nutrition,unit-3---presenting-food-outcomes.md,9,MORFOLOGIK_RULE_EN_GB,misspelling,custardbased,Possible spelling mistake found.,custard based,"...ous, an aubergine and tomato bake and a custardbased dish. All soft textures and of a simila..."
Food-and-Nutrition,unit-3---upskilling.md,2,MORFOLOGIK_RULE_EN_GB,misspelling,Tas,Possible spelling mistake found.,"Ta's, Ta, TAS (+2095 more)",...----------------------  ## TGAU GCSE  | Tas | k 3                                  ...
Food-and-Nutrition,unit-3---upskilling.md,8,MORFOLOGIK_RULE_EN_GB,misspelling,complexO,Possible spelling mistake found.,"complex, complex O",... videos to help.  Boning a chicken is a complexO knife technique \*\*\*  For top band ca...
Food-and-Nutrition,unit-3---upskilling.md,8,MORFOLOGIK_RULE_EN_GB,misspelling,wjec,Possible spelling mistake found.,"AJEC, WAEC, WEC",...e WJEC Educational Resources** Website  wjec cbac  English | | Cymraeg  Resource  ![...
Food-and-Nutrition,unit-3---upskilling.md,8,MORFOLOGIK_RULE_EN_GB,misspelling,cbac,Possible spelling mistake found.,"CBC, CBA, CAC (+7 more)",...C Educational Resources** Website  wjec cbac  English | | Cymraeg  Resource  ![](_pa...
Food-and-Nutrition,unit-3---upskilling.md,8,MORFOLOGIK_RULE_EN_GB,misspelling,Culham,Possible spelling mistake found.,Fulham,...16 Authors: - Ruth McIntyre - Stephanie Culham  % Related Resources  ![](_page_8_Pictu...
Food-and-Nutrition,unit-3---upskilling.md,8,MORFOLOGIK_RULE_EN_GB,misspelling,chicker,Possible spelling mistake found.,"kicker, chicken, kicked (+9 more)",... a fish  Slicing raw meat  Portioning a chicker  The bridge cut Claw grip  Peeling  Dic...
Food-and-Nutrition,unit-3---upskilling.md,8,MORFOLOGIK_RULE_EN_GB,misspelling,Iulienne,Possible spelling mistake found.,Julienne,...e bridge cut Claw grip  Peeling  Dicing Iulienne  {9}-----------------------------------...
Food-and-Nutrition,unit-3---upskilling.md,12,MORFOLOGIK_RULE_EN_GB,misspelling,dem,Possible spelling mistake found.,"them, DEM, Dem (+1590 more)",...e is chef who can spare an hour to do a dem with your Year 10? Many learners may ha...
Food-and-Nutrition,wjec-gcse-food-and-nutrition-specification.md,4,MORFOLOGIK_RULE_EN_GB,misspelling,JECT,Possible spelling mistake found.,"JET, SECT, EJECT (+7 more)",...          | 9  | | 2   | SUB          | JECT CONTENT                                ...
Food-and-Nutrition,wjec-gcse-food-and-nutrition-specification.md,4,MORFOLOGIK_RULE_EN_GB,misspelling,ortunities,Possible spelling mistake found.,"fortuities, obtusities, orotundities (+1 more)",...          | 22 | |     | Орр          | ortunities for integration of learning experiences...
Food-and-Nutrition,wjec-gcse-food-and-nutrition-specification.md,4,MORFOLOGIK_RULE_EN_GB,misspelling,ESSMENT,Possible spelling mistake found.,"ELEMENT, ASSENT, ESSEN (+3 more)",...          | 26 | | 3   | ASS          | ESSMENT                                        ...
Food-and-Nutrition,wjec-gcse-food-and-nutrition-specification.md,4,MORFOLOGIK_RULE_EN_GB,misspelling,HNICAL,Possible spelling mistake found.,"ANIMAL, CONICAL, APICAL (+15 more)",...          | 29 | | 5   | TEC          | HNICAL INFORMATION                            ...
Food-and-Nutrition,wjec-gcse-food-and-nutrition-specification.md,4,MORFOLOGIK_RULE_EN_GB,misspelling,pendi,Possible spelling mistake found.,"Wendi, pends, pend","...                         | 30 | | App | pendi        | x A – Preparation, knife and c..."
Food-and-Nutrition,wjec-gcse-food-and-nutrition-specification.md,5,MORFOLOGIK_RULE_EN_GB,misspelling,prereleased,Possible spelling mistake found.,"prerelease, prereleases",...year. Centres can choose one of the two prereleased briefs they would like learners to comp...
Food-and-Nutrition,wjec-gcse-food-and-nutrition-specification.md,5,MORFOLOGIK_RULE_EN_GB,misspelling,prereleased,Possible spelling mistake found.,"prerelease, prereleases",...ear. Learners can choose one of the two prereleased briefs they would like learners to comp...
Food-and-Nutrition,wjec-gcse-food-and-nutrition-specification.md,7,MORFOLOGIK_RULE_EN_GB,misspelling,socio-cultural,Possible spelling mistake found.,sociocultural,"...e economic, environmental, ethical, and socio-cultural influences on food availability, produc..."
Food-and-Nutrition,wjec-gcse-food-and-nutrition-specification.md,8,MORFOLOGIK_RULE_EN_GB,misspelling,socio-cultural,Possible spelling mistake found.,sociocultural,"...tional, and international cuisines, and socio-cultural influences on food availability.  <span..."
Food-and-Nutrition,wjec-gcse-food-and-nutrition-specification.md,16,MORFOLOGIK_RULE_EN_GB,misspelling,E-coli,Possible spelling mistake found.,"EcoRI, Ecole, Emboli (+1 more)","...a, including Campylobacter, Salmonella, E-coli, Staphylococcus Norovirus and Listeria<..."
Food-and-Nutrition,wjec-gcse-food-and-nutrition-specification.md,19,MORFOLOGIK_RULE_EN_GB,misspelling,- gelation,Possible spelling mistake found.,"-g elation, - relation, - gelatin (+3 more)",... and mechanical action - foam formation - gelation - gluten formation - Maillard reaction ...
