subject,filename,issue_id,page_number,issue,highlighted_context,pass_code,error_category,confidence_score,reasoning
Computer-Science,gcse-computer-science---faqs.csv,0,1,2 year,"...learning hours, primarily designed as a **2 year** program for learners in Years 10 and 11...",LTC,PARSING_ERROR,90,Missing hyphen in the compound adjective '2-year' when modifying 'program'.
Computer-Science,gcse-computer-science---guidance-for-teaching-unit-1.csv,0,2,Glossarv,...s of the Curriculum for Wales | 99  | | **Glossarv** for Unit 1                             ...,LTC,SPELLING_ERROR,100,"""Glossarv"" is a misspelling of ""Glossary""."
Computer-Science,gcse-computer-science---guidance-for-teaching-unit-1.csv,1,9,main printed,...s has its own purpose. <ul><li>- is the **main printed** circuit board and the central Motherboa...,LTC,FALSE_POSITIVE,90,"""main printed"" is correct as two separate words; no hyphen is required in this context."
Computer-Science,gcse-computer-science---guidance-for-teaching-unit-1.csv,2,9,power Power,...</li><li>- converts external electrical **power Power** Supply Unit (PSU) into usable power for...,LTC,PARSING_ERROR,100,"Repetition of ""power"" is a parsing artifact."
Computer-Science,gcse-computer-science---guidance-for-teaching-unit-1.csv,3,10,ethernet,"...:   - **Wired NICs** use cable, such as **ethernet**, to connect a computer to a network   -...",LTC,SPELLING_ERROR,95,"""ethernet"" should be capitalised as ""Ethernet"" as it is a proper noun."
Computer-Science,gcse-computer-science---guidance-for-teaching-unit-1.csv,4,11,PDIF,"...s, microphones, and speakers.     - **S/**PDIF** / TOSLINK:** For digital audio transmis...",LTC,FALSE_POSITIVE,100,"""PDIF"" is part of the correct acronym ""S/PDIF"" and is not a misspelling."
Computer-Science,gcse-computer-science---guidance-for-teaching-unit-1.csv,5,14,ser ves,...2:** Larger than level 1 but slower. It **ser ves** as bridge between level 1 and level 3 o...,LTC,PARSING_ERROR,100,"""ser ves"" should be merged into ""serves""; likely a parsing artifact."
Computer-Science,gcse-computer-science---guidance-for-teaching-unit-1.csv,6,15,Hexa,... cores - Quad -core will have 4 cores - **Hexa** -core will have 6 cores - Deca -core wi...,LTC,PARSING_ERROR,90,"""Hexa-core"" is a compound adjective and requires a hyphen; likely a parsing artifact."
Computer-Science,gcse-computer-science---guidance-for-teaching-unit-1.csv,7,15,Deca,... cores - Hexa -core will have 6 cores - **Deca** -core will have 10 cores - it is also p...,LTC,PARSING_ERROR,90,"""Deca-core"" is a compound adjective and requires a hyphen; likely a parsing artifact."
Computer-Science,gcse-computer-science---guidance-for-teaching-unit-1.csv,8,16,multi tasking,"...t a time, which improves performance in **multi tasking** and parallel processing.  #### **RAM** ...",LTC,PARSING_ERROR,95,"""multi tasking"" should be ""multitasking"" as a single word."
Computer-Science,gcse-computer-science---guidance-for-teaching-unit-1.csv,9,19,Game Game,...li>Allows users to control video games. **Game Game** Controller: controllers can have a rang...,LTC,PARSING_ERROR,100,"Repetition of ""Game"" is a parsing artifact."
Computer-Science,gcse-computer-science---guidance-for-teaching-unit-1.csv,10,20,Braille Braille,... device that gives physical feedback in **Braille Braille** Display: for people who cannot see.</li...,LTC,PARSING_ERROR,100,Redundant word 'Braille' is repeated; should be 'Braille Display'.
Computer-Science,gcse-computer-science---guidance-for-teaching-unit-1.csv,11,22,Blu,"... #### **Optical Storage**  - CDs, DVDs, **Blu** -ray discs. - Uses laser technology to ...",LTC,PARSING_ERROR,90,'Blu-ray' should be hyphenated without a space.
Computer-Science,gcse-computer-science---guidance-for-teaching-unit-1.csv,12,22,Blu,"... content, software, and data storage. - **Blu** -ray Discs :   - Single -layer Blu -ray...",LTC,PARSING_ERROR,90,'Blu-ray' should be hyphenated without a space.
Computer-Science,gcse-computer-science---guidance-for-teaching-unit-1.csv,13,22,Blu,"...e. - Blu -ray Discs :   - Single -layer **Blu** -ray discs can hold **25 GB**, and dual...",LTC,PARSING_ERROR,90,'Blu-ray' should be hyphenated without a space.
Computer-Science,gcse-computer-science---guidance-for-teaching-unit-1.csv,14,23,Blu,"...by format, with newer technologies like **Blu** -ray offering faster performance and gr...",LTC,PARSING_ERROR,90,'Blu-ray' should be hyphenated without a space.
Computer-Science,gcse-computer-science---guidance-for-teaching-unit-1.csv,15,25,there is scalable options,"...  - This could be considered unlimited, **there is scalable options** of data capacity, but often at a price,...",LTC,ABSOLUTE_GRAMMATICAL_ERROR,100,"Subject-verb agreement error; 'options' is plural, so 'there are' should be used."
Computer-Science,gcse-computer-science---guidance-for-teaching-unit-1.csv,16,27,Therefore,...he bottom put the remainders in order.  **Therefore** binary = 100101  **Binary to Denary**: ...,LTC,STYLISTIC_PREFERENCE,70,A comma after 'Therefore' would improve flow but is not strictly grammatically required in this context.
Computer-Science,gcse-computer-science---guidance-for-teaching-unit-1.csv,17,29,bit,"... binary value. - Each image will have a **bit** depth, which impacts on the size and qu...",LTC,FALSE_POSITIVE,90,'bit depth' is correct as two words in this technical context.
Computer-Science,gcse-computer-science---guidance-for-teaching-unit-1.csv,18,30,bpc,"...to, this will be as ""bits per channel"" (**bpc**). - Example: 8-bit colour depth for ""RG...",LTC,FALSE_POSITIVE,100,'bpc' is a correct technical acronym for 'bits per channel'.
Computer-Science,gcse-computer-science---guidance-for-teaching-unit-1.csv,19,30,bpp,...pth systems mainly used bits per pixel (**bpp**). This specification uses modern conven...,LTC,FALSE_POSITIVE,100,'bpp' is a correct technical acronym for 'bits per pixel'.
Computer-Science,gcse-computer-science---guidance-for-teaching-unit-1.csv,20,30,bpc,...onent (also known as bits per channel) (**bpc**)  #### **Colour Model:**  - A mathemati...,LTC,FALSE_POSITIVE,100,'bpc' is a correct technical abbreviation for 'bits per channel' as defined and used in the document.
Computer-Science,gcse-computer-science---guidance-for-teaching-unit-1.csv,21,30,Bit,...e number of bits used per channel. - 3. **Bit** Depth: The number of bits used per pixe...,LTC,FALSE_POSITIVE,100,"'Bit Depth' is a correct technical term, capitalised as a list item heading."
Computer-Science,gcse-computer-science---guidance-for-teaching-unit-1.csv,22,31,$$Total,"...with a resolution of 1920x1080 pixels:  **$$Total**\ Pixels = 1920 \times 1080 = 2,073,600\...",LTC,PARSING_ERROR,100,`$$Total` is a parsing artifact from LaTeX math block syntax; `$$` is not part of the word.
Computer-Science,gcse-computer-science---guidance-for-teaching-unit-1.csv,23,31,pixels$$,"... Pixels = 1920 \times 1080 = 2,073,600\ **pixels$$**  #### **Calculate Bits Per Pixel (bpp):...",LTC,PARSING_ERROR,100,`pixels$$` is a parsing artifact from LaTeX math block syntax; `$$` is not part of the word.
Computer-Science,gcse-computer-science---guidance-for-teaching-unit-1.csv,24,31,bpp,...els$$  #### **Calculate Bits Per Pixel (**bpp**):**  - Multiply the bit depth by the nu...,LTC,FALSE_POSITIVE,100,'bpp' is a correct technical abbreviation for 'bits per pixel' as used in the document.
Computer-Science,gcse-computer-science---guidance-for-teaching-unit-1.csv,25,31,$$Bits,...ls. - Example: For an 8-bit RGB image:  **$$Bits** \ Per \ Pixel = 8 \ (bits - Red) + 8 \ ...,LTC,PARSING_ERROR,100,`$$Bits` is a parsing artifact from LaTeX math block syntax; `$$` is not part of the word.
Computer-Science,gcse-computer-science---guidance-for-teaching-unit-1.csv,26,31,textit,"...s by the bits per pixel. - Example:  $$\**textit**{Total bits} = 2,073,600 \ \textit{pixel...",LTC,PARSING_ERROR,100,"`textit` is a LaTeX command for italic text, not a spelling error."
Computer-Science,gcse-computer-science---guidance-for-teaching-unit-1.csv,27,31,textit,"...:  $$\textit{Total bits} = 2,073,600 \ \**textit**{pixels} \times 24 \ \textit{bits} = 49,...",LTC,PARSING_ERROR,100,"`textit` is a LaTeX command for italic text, not a spelling error."
Computer-Science,gcse-computer-science---guidance-for-teaching-unit-1.csv,28,31,textit,"...,073,600 \ \textit{pixels} \times 24 \ \**textit**{bits} = 49,766,400 \ \textit{bits}$$  #...",LTC,PARSING_ERROR,100,"`textit` is a LaTeX command for italic text, not a spelling error."
Computer-Science,gcse-computer-science---guidance-for-teaching-unit-1.csv,29,31,textit,"...imes 24 \ \textit{bits} = 49,766,400 \ \**textit**{bits}$$  #### **Convert bits to bytes:*...",LTC,PARSING_ERROR,100,"`textit` is a LaTeX command for italic text, not a spelling error."
Computer-Science,gcse-computer-science---guidance-for-teaching-unit-1.csv,30,31,$$Total,"...its by 8 (1 byte = 8 bits). - Example:  **$$Total**\ bytes = \frac{49,766,400\ bits}{8} = 6...",LTC,PARSING_ERROR,100,"The `$$` is a LaTeX delimiter for a display math block, incorrectly merged with the word 'Total' by the parsing tool."
Computer-Science,gcse-computer-science---guidance-for-teaching-unit-1.csv,31,31,frac,"... 8 bits). - Example:  $$Total\ bytes = \**frac**{49,766,400\ bits}{8} = 6,220,800\ bytes...",LTC,FALSE_POSITIVE,100,"`\frac` is a correct LaTeX command for fractions, not a linguistic error."
Computer-Science,gcse-computer-science---guidance-for-teaching-unit-1.csv,32,31,bytes$$,"...\frac{49,766,400\ bits}{8} = 6,220,800\ **bytes$$**  #### **Convert bytes to kilobytes (KB)...",LTC,PARSING_ERROR,100,"The `$$` is a LaTeX delimiter for a display math block, incorrectly merged with the word 'bytes' by the parsing tool."
Computer-Science,gcse-computer-science---guidance-for-teaching-unit-1.csv,33,32,$$Total,"...--------------------------  • Example:  **$$Total**\ KB = \frac{6,220,800\ bytes}{1024} \ap...",LTC,PARSING_ERROR,100,"The `$$` is a LaTeX delimiter for a display math block, incorrectly merged with the word 'Total' by the parsing tool."
Computer-Science,gcse-computer-science---guidance-for-teaching-unit-1.csv,34,32,frac,"...-----------  • Example:  $$Total\ KB = \**frac**{6,220,800\ bytes}{1024} \approx 6075\ K...",LTC,FALSE_POSITIVE,100,"`\frac` is a correct LaTeX command for fractions, not a linguistic error."
Computer-Science,gcse-computer-science---guidance-for-teaching-unit-1.csv,35,32,KB$$,"...c{6,220,800\ bytes}{1024} \approx 6075\ **KB$$**  ### **Convert kilobytes to megabytes (...",LTC,PARSING_ERROR,100,"The `$$` is a LaTeX delimiter for a display math block, incorrectly merged with 'KB' by the parsing tool."
Computer-Science,gcse-computer-science---guidance-for-teaching-unit-1.csv,36,32,$$Total,...024 (since 1 MB = 1024 KB). - Example:  **$$Total**\ MB = \frac{6075\ KB}{1024} \approx 5.9...,LTC,PARSING_ERROR,100,"The `$$` is a LaTeX delimiter for a display math block, incorrectly merged with the word 'Total' by the parsing tool."
Computer-Science,gcse-computer-science---guidance-for-teaching-unit-1.csv,37,32,frac,... = 1024 KB). - Example:  $$Total\ MB = \**frac**{6075\ KB}{1024} \approx 5.93\ MB$$  ###...,LTC,FALSE_POSITIVE,100,"`\frac` is a correct LaTeX command for fractions, not a linguistic error."
Computer-Science,gcse-computer-science---guidance-for-teaching-unit-1.csv,38,32,MB$$,...B = \frac{6075\ KB}{1024} \approx 5.93\ **MB$$**  #### **The digital storage of sound** ...,LTC,PARSING_ERROR,100,"The `$$` is a LaTeX delimiter for a display math block, incorrectly merged with 'MB' by the parsing tool."
Computer-Science,gcse-computer-science---guidance-for-teaching-unit-1.csv,39,32,�Sample,...Requirements Formula:**  Storage Size = **�Sample** Rate × Bit Depth × Channels × Duration ...,LTC,PARSING_ERROR,100,"The character `�` is a digital artifact from PDF conversion, indicating a corrupted or unrecognised character, likely an opening bracket or symbol."
Computer-Science,gcse-computer-science---guidance-for-teaching-unit-1.csv,40,33,Bit,"...s:**  - Multiply the given Sample Rate, **Bit** Depth, Number of Channels and Duration ...",LTC,FALSE_POSITIVE,100,'Bit' is correctly used as part of the technical term 'Bit Depth' in a heading.
Computer-Science,gcse-computer-science---guidance-for-teaching-unit-1.csv,41,33,frac,...8 (1 byte = 8 bits).  Total bytes =  $$\**frac**{\text{(Sample Rate } \times \text{ Bit ...,LTC,PARSING_ERROR,100,"`\frac` is a LaTeX command for fractions, not a linguistic error; this is a parsing artifact."
Computer-Science,gcse-computer-science---guidance-for-teaching-unit-1.csv,42,33,frac,"...ation )}}{8}$$  $$\text{Total bytes} = \**frac**{254,016,000}{8} = 31,752,000 \text{ byt...",LTC,PARSING_ERROR,100,"`\frac` is a LaTeX command for fractions, not a linguistic error; this is a parsing artifact."
Computer-Science,gcse-computer-science---guidance-for-teaching-unit-1.csv,43,33,frac,"...4 bytes). - Example:  Total bytes =  $$\**frac**{31,752,000 \ bytes}{1024} \approx 31,00...",LTC,PARSING_ERROR,100,"`\frac` is a LaTeX command for fractions, not a linguistic error; this is a parsing artifact."
Computer-Science,gcse-computer-science---guidance-for-teaching-unit-1.csv,44,33,kilobytes$$,"...752,000 \ bytes}{1024} \approx 31,008 \ **kilobytes$$**  #### **Convert kilobytes to megabytes ...",LTC,PARSING_ERROR,100,The `$$` is a LaTeX delimiter incorrectly attached to the word 'kilobytes' due to parsing.
Computer-Science,gcse-computer-science---guidance-for-teaching-unit-1.csv,45,33,frac,"...1024 KB). - Example:  Total bytes =  $$\**frac**{31,008 \ kilobytes}{1024} \approx 30.2 ...",LTC,PARSING_ERROR,100,"`\frac` is a LaTeX command for fractions, not a linguistic error; this is a parsing artifact."
Computer-Science,gcse-computer-science---guidance-for-teaching-unit-1.csv,46,33,megabytes$$,"...1,008 \ kilobytes}{1024} \approx 30.2 \ **megabytes$$**  {34}----------------------------------...",LTC,PARSING_ERROR,100,The `$$` is a LaTeX delimiter incorrectly attached to the word 'megabytes' due to parsing.
Computer-Science,gcse-computer-science---guidance-for-teaching-unit-1.csv,47,35,$$compression,...iles based on the compression ratio:**  **$$compression** \ ratio = \frac{original \ data \ size}...,LTC,PARSING_ERROR,100,The `$$` is a LaTeX delimiter incorrectly attached to the word 'compression' due to parsing.
Computer-Science,gcse-computer-science---guidance-for-teaching-unit-1.csv,48,35,frac,...sion ratio:**  $$compression \ ratio = \**frac**{original \ data \ size}{compressed \ da...,LTC,PARSING_ERROR,100,"`\frac` is a LaTeX command for fractions, not a linguistic error; this is a parsing artifact."
Computer-Science,gcse-computer-science---guidance-for-teaching-unit-1.csv,49,35,frac,"...ize = 200  Therefore, the ratio is:  $$\**frac**{1000}{200}$$  or  $\frac{10}{2}$  or 10...",LTC,PARSING_ERROR,100,"`\frac` is a LaTeX command for fractions, not a linguistic error; this is a parsing artifact."
Computer-Science,gcse-computer-science---guidance-for-teaching-unit-1.csv,50,35,frac,... ratio is:  $$\frac{1000}{200}$$  or  $\**frac**{10}{2}$  or 10: 2  **Calculating the co...,LTC,FALSE_POSITIVE,100,`frac` is part of a LaTeX math command `\frac` and is not a linguistic error.
Computer-Science,gcse-computer-science---guidance-for-teaching-unit-1.csv,51,35,$$compressed,...compressed file size based on ratio:**  **$$compressed**\ file\ size\ =\  rac{original\ file\ si...,LTC,FALSE_POSITIVE,100,"`$$compressed` is part of a LaTeX math expression, where `$$` is a math delimiter, not a linguistic error."
Computer-Science,gcse-computer-science---guidance-for-teaching-unit-1.csv,52,35,rac,...ratio:**  $$compressed\ file\ size\ =\  **rac**{original\ file\ size}{compression\ rati...,LTC,PARSING_ERROR,100,"`rac` is a truncation of `\frac` within a LaTeX math expression, likely due to a parsing error."
Computer-Science,gcse-computer-science---guidance-for-teaching-unit-1.csv,53,35,frac,...atio is 10:2  compressed file size  $$=\**frac**{2000}{10 \div 2} = 400kb$$  **Calculati...,LTC,FALSE_POSITIVE,100,`frac` is part of a LaTeX math command `\frac` and is not a linguistic error.
Computer-Science,gcse-computer-science---guidance-for-teaching-unit-1.csv,54,39,pre emptively,...ture and humidity changes. It starts to **pre emptively** adjust the conditions before they devia...,LTC,PARSING_ERROR,90,`pre-emptively` should be hyphenated as per OED standard for compound adverbs.
Computer-Science,gcse-computer-science---guidance-for-teaching-unit-1.csv,55,45,Wi,...devices connect to wired networks using **Wi** -Fi.   - Help extend the reach of netwo...,LTC,PARSING_ERROR,100,`Wi -Fi` should be `Wi-Fi`; the space is a parsing artifact.
Computer-Science,gcse-computer-science---guidance-for-teaching-unit-1.csv,56,49,Wi,...r of connected devices (IoT).  #### • ****Wi** -Fi :**  • Wi -Fi Evolution: Wireless l...,LTC,PARSING_ERROR,100,`Wi -Fi` should be `Wi-Fi`; the space is a parsing artifact.
Computer-Science,gcse-computer-science---guidance-for-teaching-unit-1.csv,57,49,Wi,... devices (IoT).  #### • **Wi -Fi :**  • **Wi** -Fi Evolution: Wireless local area netw...,LTC,PARSING_ERROR,100,`Wi -Fi` should be `Wi-Fi`; the space is a parsing artifact.
Computer-Science,gcse-computer-science---guidance-for-teaching-unit-1.csv,58,49,Wi,...etworks (WLANs) have evolved from early **Wi** -Fi 802.11 standards with limited range...,LTC,PARSING_ERROR,100,`Wi -Fi` should be `Wi-Fi`; the space is a parsing artifact.
Computer-Science,gcse-computer-science---guidance-for-teaching-unit-1.csv,59,49,Wi,"...h limited range and speed to the modern **Wi** -Fi 6, which provides faster speeds, re...",LTC,PARSING_ERROR,100,`Wi -Fi` should be `Wi-Fi`; the space is a parsing artifact.
Computer-Science,gcse-computer-science---guidance-for-teaching-unit-1.csv,70,52,webserver,...ayer of communication and thus stop the **webserver** communicating with the users. Ther are ...,LTC,PARSING_ERROR,90,The compound noun 'webserver' should be written as two words: 'web server'.
Computer-Science,gcse-computer-science---guidance-for-teaching-unit-1.csv,71,52,Ther are,...webserver communicating with the users. **Ther are** various types of application -layer att...,LTC,SPELLING_ERROR,100,'Ther' is a misspelling of 'There'.
Computer-Science,gcse-computer-science---guidance-for-teaching-unit-1.csv,72,52,MiTM,...e following:  - **Man -in -the -middle (**MiTM**) attacks:** This method of attacks find...,LTC,FALSE_POSITIVE,100,MiTM is a correct and commonly used acronym for 'Man-in-the-Middle' in this technical context.
Computer-Science,gcse-computer-science---guidance-for-teaching-unit-1.csv,73,53,keyboa rd,...e process of monitoring keystrokes on a **keyboa rd** without the user 's awareness so that s...,LTC,PARSING_ERROR,100,'keyboa rd' is a parsing error; it should be 'keyboard'.
Computer-Science,gcse-computer-science---guidance-for-teaching-unit-1.csv,74,53,user 's,...g keystrokes on a keyboa rd without the **user 's** awareness so that sensitive data can be...,LTC,PARSING_ERROR,100,"'&#x27;' is an HTML entity for an apostrophe, indicating a parsing error."
Computer-Science,gcse-computer-science---guidance-for-teaching-unit-1.csv,75,55,trojans,"...ch as viruses, ransomware, spyware, and **trojans**. - Firewalls during software developmen...",LTC,SPELLING_ERROR,90,'Trojans' should be capitalised as it is derived from the proper noun 'Trojan Horse'.
Computer-Science,gcse-computer-science---guidance-for-teaching-unit-1.csv,76,58,pseudo-code,"...thods of defining algorithms, including **pseudo-code** and flowcharts. Learners should underst...",LTC,FALSE_POSITIVE,100,'pseudo-code' is correctly hyphenated according to OED and common usage in computer science.
Computer-Science,gcse-computer-science---guidance-for-teaching-unit-1.csv,77,58,Pseudo code,... outline or a rough draft of a program. **Pseudo code** summarises a program's flow but exclude...,LTC,PARSING_ERROR,90,'Pseudo code' should be hyphenated as 'Pseudo-code' for consistency and correctness as a compound noun.
Computer-Science,gcse-computer-science---guidance-for-teaching-unit-1.csv,78,58,pseudo-code,...excludes any underlying details. Common **pseudo-code** terms |  |  | |                        ...,LTC,FALSE_POSITIVE,100,'pseudo-code' is correctly hyphenated according to OED and common usage in computer science.
Computer-Science,gcse-computer-science---guidance-for-teaching-unit-1.csv,79,58,calcAverage,.../ul> |  | Declare subroutines | Declare **calcAverage** End |  |  | |                          ...,LTC,FALSE_POSITIVE,100,'calcAverage' is a correctly formatted identifier (function/variable name) within pseudo-code examples.
Computer-Science,gcse-computer-science---guidance-for-teaching-unit-1.csv,80,58,subroutineNeeded,...                                 | call **subroutineNeeded**                        |  | |          ...,LTC,FALSE_POSITIVE,100,This is a valid pseudo-code identifier used as an example.
Computer-Science,gcse-computer-science---guidance-for-teaching-unit-1.csv,81,58,arrayName,...                                      | **arrayName**[10]                                |  |...,LTC,FALSE_POSITIVE,100,This is a valid pseudo-code identifier used as an example.
Computer-Science,gcse-computer-science---guidance-for-teaching-unit-1.csv,82,58,"""","...  | |  |  |  | Literal outputs | output(**""**Enter Name: "") |  | |  | <ul><li>data st...",LTC,PARSING_ERROR,100,HTML entity &quot; is a parsing artifact.
Computer-Science,gcse-computer-science---guidance-for-teaching-unit-1.csv,83,58,"""","...| Literal outputs | output(""Enter Name: **""**) |  | |  | <ul><li>data structures, inc...",LTC,PARSING_ERROR,100,HTML entity &quot; is a parsing artifact.
Computer-Science,gcse-computer-science---guidance-for-teaching-unit-1.csv,84,58,myVariable,... to two</li></ul> |  | Variable names | **myVariable** |  | |  | dimensions. Learners should k...,LTC,FALSE_POSITIVE,100,This is a valid pseudo-code identifier used as an example.
Computer-Science,gcse-computer-science---guidance-for-teaching-unit-1.csv,85,58,myVariable,...</ul> |  | Define variable data types | **myVariable** is integer |  | |  |  |  | Data types |...,LTC,FALSE_POSITIVE,100,This is a valid pseudo-code identifier used as an example.
Computer-Science,gcse-computer-science---guidance-for-teaching-unit-1.csv,86,58,elseend,...ification</li></ul> |  | Selection | if **elseend** if |  |  | |  |  | Indentation | if cou...,LTC,PARSING_ERROR,90,The word 'elseend' is a merged word; it should be 'else end' in pseudo-code.
Computer-Science,gcse-computer-science---guidance-for-teaching-unit-1.csv,87,58,if,...n</li></ul> |  | Selection | if elseend **if** |  |  | |  |  | Indentation | if counte...,LTC,ABSOLUTE_GRAMMATICAL_ERROR,90,The pseudo-code structure 'if elseend if' is grammatically incorrect; it should be 'if ... then ... else ... end if' or similar.
Computer-Science,gcse-computer-science---guidance-for-teaching-unit-1.csv,88,59,i,...l> | Flowcharts: | Repetition/Iteration **i** connecting the symbols with arrows. Com...,LTC,PARSING_ERROR,90,The character 'i' appears to be a stray parsing artifact in the sentence.
Computer-Science,gcse-computer-science---guidance-for-teaching-unit-1.csv,89,59,repeat,...flowchart shapes | for i = 1 to 10 next **repeat** until do loop do while while repeat a d...,LTC,PARSING_ERROR,90,The word 'repeat' is a duplicate and appears to be a parsing artifact where a new sentence was merged into a list.
Computer-Science,gcse-computer-science---guidance-for-teaching-unit-1.csv,110,65,dataList,... 0  found = false  while position < len(**dataList**) and found = false   if dataList[positi...,LTC,FALSE_POSITIVE,100,`dataList` is a variable name within a pseudo-code block and is correctly spelled.
Computer-Science,gcse-computer-science---guidance-for-teaching-unit-1.csv,111,65,dataList,... < len(dataList) and found = false   if **dataList**[position] = searchItem then   found = t...,LTC,FALSE_POSITIVE,100,`dataList` is a variable name within a pseudo-code block and is correctly spelled.
Computer-Science,gcse-computer-science---guidance-for-teaching-unit-1.csv,112,65,searchItem,...found = false   if dataList[position] = **searchItem** then   found = true   else   position =...,LTC,FALSE_POSITIVE,100,`searchItem` is a variable name within a pseudo-code block and is correctly spelled.
Computer-Science,gcse-computer-science---guidance-for-teaching-unit-1.csv,113,65,searchChar,...be done on sorted data structures.  ``` **searchChar** is char  first is integer ```  {66}----...,LTC,FALSE_POSITIVE,100,`searchChar` is a variable name within a pseudo-code block and is correctly spelled.
Computer-Science,gcse-computer-science---guidance-for-teaching-unit-1.csv,114,66,myArray,...`` last is integer  midpoint is integer **myArray**[] is char[]  input searchChar  set firs...,LTC,FALSE_POSITIVE,100,`myArray` is a variable name within a pseudo-code block and is correctly spelled.
Computer-Science,gcse-computer-science---guidance-for-teaching-unit-1.csv,115,66,searchChar,...t is integer myArray[] is char[]  input **searchChar**  set first = 0  set last = len(myArray[...,LTC,FALSE_POSITIVE,100,`searchChar` is a variable name within a pseudo-code block and is correctly spelled.
Computer-Science,gcse-computer-science---guidance-for-teaching-unit-1.csv,116,66,len,...t searchChar  set first = 0  set last = **len**(myArray[])- 1  repeat   set midpoint = ...,LTC,FALSE_POSITIVE,100,`len` is a common function name in pseudo-code and is correctly used.
Computer-Science,gcse-computer-science---guidance-for-teaching-unit-1.csv,117,66,myArray,...archChar  set first = 0  set last = len(**myArray**[])- 1  repeat   set midpoint = (first +...,LTC,FALSE_POSITIVE,100,`myArray` is a variable name within a pseudo-code block and is correctly spelled.
Computer-Science,gcse-computer-science---guidance-for-teaching-unit-1.csv,118,66,searchChar,...   set midpoint = (first + last)/2   if **searchChar** < myArray[midpoint] then   set last = m...,LTC,FALSE_POSITIVE,100,`searchChar` is a variable name within a pseudo-code block and is correctly spelled.
Computer-Science,gcse-computer-science---guidance-for-teaching-unit-1.csv,119,66,myArray,...nt = (first + last)/2   if searchChar < **myArray**[midpoint] then   set last = midpoint – ...,LTC,FALSE_POSITIVE,100,`myArray` is a variable name within a pseudo-code block and is correctly spelled.
Computer-Science,gcse-computer-science---guidance-for-teaching-unit-1.csv,120,66,myArray,...t first = midpoint + 1   end if  until (**myArray**[midpoint] = searchChar)  output myArray...,LTC,FALSE_POSITIVE,100,`myArray` is a variable name in pseudocode and is correctly used.
Computer-Science,gcse-computer-science---guidance-for-teaching-unit-1.csv,121,66,searchChar,... 1   end if  until (myArray[midpoint] = **searchChar**)  output myArray[midpoint] ```  #### **...,LTC,FALSE_POSITIVE,100,`searchChar` is a variable name in pseudocode and is correctly used.
Computer-Science,gcse-computer-science---guidance-for-teaching-unit-1.csv,122,66,myArray,...myArray[midpoint] = searchChar)  output **myArray**[midpoint] ```  #### **Characteristics o...,LTC,FALSE_POSITIVE,100,`myArray` is a variable name in pseudocode and is correctly used.
Computer-Science,gcse-computer-science---guidance-for-teaching-unit-1.csv,123,66,passnum,...eSort(bubbleList):   exchanges = True   **passnum** = len(bubbleList)-1   while passnum > 0...,LTC,FALSE_POSITIVE,100,`passnum` is a variable name in pseudocode and is correctly used.
Computer-Science,gcse-computer-science---guidance-for-teaching-unit-1.csv,124,66,len,...leList):   exchanges = True   passnum = **len**(bubbleList)-1   while passnum > 0 and e...,LTC,FALSE_POSITIVE,100,`len` is a function name in pseudocode and is correctly used.
Computer-Science,gcse-computer-science---guidance-for-teaching-unit-1.csv,125,66,bubbleList,...st):   exchanges = True   passnum = len(**bubbleList**)-1   while passnum > 0 and exchanges = ...,LTC,FALSE_POSITIVE,100,`bubbleList` is a variable name in pseudocode and is correctly used.
Computer-Science,gcse-computer-science---guidance-for-teaching-unit-1.csv,126,66,passnum,...e   passnum = len(bubbleList)-1   while **passnum** > 0 and exchanges = True   exchanges = ...,LTC,FALSE_POSITIVE,100,`passnum` is a variable name in pseudocode and is correctly used.
Computer-Science,gcse-computer-science---guidance-for-teaching-unit-1.csv,127,67,bubbleList,...------------------------------  ```  if **bubbleList**[i]>bubbleList[i+1]:   exchanges = True ...,LTC,FALSE_POSITIVE,100,`bubbleList` is a variable name in pseudocode and is correctly used.
Computer-Science,gcse-computer-science---guidance-for-teaching-unit-1.csv,128,67,bubbleList,...----------------  ```  if bubbleList[i]>**bubbleList**[i+1]:   exchanges = True   temp = bubbl...,LTC,FALSE_POSITIVE,100,`bubbleList` is a variable name in pseudocode and is correctly used.
Computer-Science,gcse-computer-science---guidance-for-teaching-unit-1.csv,129,67,bubbleList,...eList[i+1]:   exchanges = True   temp = **bubbleList**[i]   bubbleList[i] = bubbleList[i+1]   ...,LTC,FALSE_POSITIVE,100,`bubbleList` is a variable name in pseudocode and is correctly used.
Computer-Science,gcse-computer-science---guidance-for-teaching-unit-1.csv,130,67,bubbleList,...changes = True   temp = bubbleList[i]   **bubbleList**[i] = bubbleList[i+1]   bubbleList[i+1] ...,LTC,FALSE_POSITIVE,100,`bubbleList` is a variable name within a code block and is correctly spelled in this context.
Computer-Science,gcse-computer-science---guidance-for-teaching-unit-1.csv,131,67,bubbleList,... temp = bubbleList[i]   bubbleList[i] = **bubbleList**[i+1]   bubbleList[i+1] = temp   end if ...,LTC,FALSE_POSITIVE,100,`bubbleList` is a variable name within a code block and is correctly spelled in this context.
Computer-Science,gcse-computer-science---guidance-for-teaching-unit-1.csv,132,67,bubbleList,...[i]   bubbleList[i] = bubbleList[i+1]   **bubbleList**[i+1] = temp   end if next i   passnum =...,LTC,FALSE_POSITIVE,100,`bubbleList` is a variable name within a code block and is correctly spelled in this context.
Computer-Science,gcse-computer-science---guidance-for-teaching-unit-1.csv,133,67,passnum,...ubbleList[i+1] = temp   end if next i   **passnum** = passnum-1   end while end Subroutine ...,LTC,FALSE_POSITIVE,100,`passnum` is a variable name within a code block and is correctly spelled in this context.
Computer-Science,gcse-computer-science---guidance-for-teaching-unit-1.csv,134,67,bubbleList,"...= passnum-1   end while end Subroutine  **bubbleList**=[20,30,40,90,50,60,70,80,100,110] Bubbl...",LTC,FALSE_POSITIVE,100,`bubbleList` is a variable name within a code block and is correctly spelled in this context.
Computer-Science,gcse-computer-science---guidance-for-teaching-unit-1.csv,135,67,bubbleList,"...,100,110] BubbleSort(bubbleList)  print(**bubbleList**) • Selection sort is the process of spl...",LTC,FALSE_POSITIVE,100,`bubbleList` is a variable name within a code block and is correctly spelled in this context.
Computer-Science,gcse-computer-science---guidance-for-teaching-unit-1.csv,136,68,myArray,...peated until all items are sorted.  ``` **myArray**[0 … 999] is string  i is integer j is i...,LTC,FALSE_POSITIVE,100,`myArray` is a variable name within a code block and is correctly spelled in this context.
Computer-Science,gcse-computer-science---guidance-for-teaching-unit-1.csv,137,68,currentItem,...9] is string  i is integer j is integer **currentItem** is integer  for i = 0 to len(myArray) –...,LTC,FALSE_POSITIVE,100,`currentItem` is a variable name within a code block and is correctly spelled in this context.
Computer-Science,gcse-computer-science---guidance-for-teaching-unit-1.csv,138,68,len,...er currentItem is integer  for i = 0 to **len**(myArray) – 1   currentItem = myArray[i]...,LTC,FALSE_POSITIVE,100,`len` is a function name within a code block and is correctly spelled in this context.
Computer-Science,gcse-computer-science---guidance-for-teaching-unit-1.csv,139,68,myArray,...urrentItem is integer  for i = 0 to len(**myArray**) – 1   currentItem = myArray[i]   set j...,LTC,FALSE_POSITIVE,100,`myArray` is a variable name within a code block and is correctly spelled in this context.
Computer-Science,gcse-computer-science---guidance-for-teaching-unit-1.csv,150,69,(,"...marked with \*  ``` name as string Input**(**Please enter your name"") name if name = ...",LTC,PARSING_ERROR,90,"The parenthesis is part of a code block, but the surrounding `&quot;` indicates a parsing artifact from PDF conversion."
Computer-Science,gcse-computer-science---guidance-for-teaching-unit-1.csv,151,69,"""","...e as string Input(Please enter your name**""**) name if name = """" then  print(""This ca...",LTC,PARSING_ERROR,100,"`&quot;` is an HTML entity for a double quote, indicating a parsing artifact."
Computer-Science,gcse-computer-science---guidance-for-teaching-unit-1.csv,152,70,telephone telephone,"...s string input(""Enter telephone number"")**telephone telephone**_Length = telephone.length if telephone....",LTC,PARSING_ERROR,100,"The word 'telephone' is duplicated, which is a common parsing artifact from PDF conversion."
Computer-Science,gcse-computer-science---guidance-for-teaching-unit-1.csv,153,71,if,"...s this the correct username"")confirm    **if** confirm = True then     print(""Thank yo...",LTC,FALSE_POSITIVE,100,`if` is a correct keyword in the programming code example.
Computer-Science,gcse-computer-science---guidance-for-teaching-unit-1.csv,154,71,Eend,"...""Please enter the correct username"")    **Eend** if ```  {72}---------------------------...",LTC,PARSING_ERROR,90,"`Eend` is a misspelling of `End` in a code block, likely a parsing error from the original document."
Computer-Science,gcse-computer-science---guidance-for-teaching-unit-1.csv,155,72,so,...e: <ul><li>means making the code clearer** so** people can Readability understand it ea...,LTC,FALSE_POSITIVE,90,The word 'so' is used correctly as a conjunction in this context.
Computer-Science,gcse-computer-science---guidance-for-teaching-unit-1.csv,156,74,licenses,"...rs must adhere to the terms of software **licenses**, whether creating open -source, proprie...",LTC,SPELLING_ERROR,90,"In UK English, the plural noun is 'licences', not 'licenses'."
Computer-Science,gcse-computer-science---guidance-for-teaching-unit-1.csv,157,75,socio -economic,"...accessible to users regardless of their **socio -economic** background, disability, or location. - ...",LTC,PARSING_ERROR,90,"Compound adjective 'socio-economic' requires a hyphen without a space, as per OED standard."
Computer-Science,gcse-computer-science---guidance-for-teaching-unit-1.csv,158,77,user -friendly,...to be more memorable. This is much more **user -friendly** compared to raw machine code. For examp...,LTC,PARSING_ERROR,90,"Compound adjective 'user-friendly' requires a hyphen without a space, as per OED standard."
Computer-Science,gcse-computer-science---guidance-for-teaching-unit-1.csv,159,80,edn,...eyword is incorrectly spelt. Examples: '**edn** if' instead of 'end if' - **Linking:** ...,LTC,FALSE_POSITIVE,100,"The text explicitly uses 'edn if' as an example of an incorrectly spelt keyword, so it is correct as written in this context."
Computer-Science,gcse-computer-science---guidance-for-teaching-unit-1.csv,160,80,nearest,...ing is when a number is approximated to **nearest** whole number/tenth/hundredth. Example: ...,LTC,ABSOLUTE_GRAMMATICAL_ERROR,100,Missing definite article 'the' before 'nearest'.
Computer-Science,gcse-computer-science---guidance-for-teaching-unit-1.csv,161,80,nearest,"...nth/hundredth. Example: 34.5 rounded to **nearest** whole number is 35, an error of +0.5. -...",LTC,ABSOLUTE_GRAMMATICAL_ERROR,100,Missing definite article 'the' before 'nearest'.
Computer-Science,gcse-computer-science---guidance-for-teaching-unit-1.csv,162,84,menu driven,"...ace (GUI), Command Line Interface (CLI) **menu driven** and Mobile User Interface (MUI). - **Se...",LTC,PARSING_ERROR,90,Missing hyphen in compound adjective 'menu-driven'.
Computer-Science,gcse-computer-science---guidance-for-teaching-unit-1.csv,163,84,MUI,... menu driven and Mobile User Interface (**MUI**). - **Security :** Many operating syste...,LTC,FALSE_POSITIVE,100,'MUI' is a correct acronym for 'Mobile User Interface' and is used appropriately.
Computer-Science,gcse-computer-science---guidance-for-teaching-unit-1.csv,164,88,t here,...ent of the system. These people will be **t here** to effectively train the users as well ...,LTC,PARSING_ERROR,100,"'there' is split into 't here', likely a parsing artifact."
Computer-Science,gcse-computer-science---guidance-for-teaching-unit-1.csv,165,88,:,...should issues arise.  #### • Processes  **:**  - Workflow processes involve creating ...,LTC,PARSING_ERROR,100,"Extraneous colon after the heading, likely a parsing artifact."
Computer-Science,gcse-computer-science---guidance-for-teaching-unit-1.csv,166,88,Well -designed,"...e standards is essential for processes. **Well -designed** processes incorporate checks, audits, a...",LTC,PARSING_ERROR,90,"Incorrect spacing and missing hyphen in compound adjective 'well-designed', likely a parsing artifact."
Computer-Science,gcse-computer-science---guidance-for-teaching-unit-1.csv,167,88,minimi ses,"...g redundancies. This boosts efficiency, **minimi ses** delays, and streamlines overall operati...",LTC,PARSING_ERROR,100,"'minimises' is split into 'minimi ses', likely a parsing artifact."
Computer-Science,gcse-computer-science---guidance-for-teaching-unit-1.csv,168,90,and,...  - documentation is incredibly detailed** and** therefore staff members can easily step...,LTC,STYLISTIC_PREFERENCE,70,A comma before 'and' would improve flow but is not strictly necessary for clarity in this context.
Computer-Science,gcse-computer-science---guidance-for-teaching-unit-1.csv,169,92,proof-ofconcepts,...s opportunities for early prototypes or **proof-ofconcepts**     - this methodology is strongest for...,LTC,PARSING_ERROR,90,Missing hyphen in the compound noun 'proof-of-concepts'.
Computer-Science,gcse-computer-science---guidance-for-teaching-unit-1.csv,170,92,t o,... and refinements     - can be difficult **t o** estimate timescale on the project due t...,LTC,PARSING_ERROR,100,Incorrect spacing between 't' and 'o'; should be 'to'.
Computer-Science,gcse-computer-science---guidance-for-teaching-unit-1.csv,171,92,well -structured,"...the same code. If the code is clear and **well -structured**, it's easier to fix bugs, add new featu...",LTC,PARSING_ERROR,90,Missing hyphen in the compound adjective 'well-structured'.
Computer-Science,gcse-computer-science---guidance-for-teaching-unit-1.csv,172,93,:,...e. - Compliance with Legal Standards :  **:**  - Ensuring that the software complies ...,LTC,PARSING_ERROR,90,Redundant colon; likely a parsing artifact from conversion.
Computer-Science,gcse-computer-science---guidance-for-teaching-unit-1.csv,173,95,licenses,"...ollects.</li><li>Respect copyrights and **licenses**, attribute Intellectual Property: sourc...",LTC,FALSE_POSITIVE,100,The word 'licenses' is correctly spelled in UK English as a plural noun.
Computer-Science,gcse-computer-science---guidance-for-teaching-unit-1.csv,174,96,Cyber Security,...rtsmanship and teamwork. | |  | 1.3.2 A **Cyber Security** Learning Escape Room Game Activity Desc...,LTC,SPELLING_ERROR,90,Should be 'Cybersecurity' as a single word for consistency with WJEC style and common usage in this context.
Computer-Science,gcse-computer-science---guidance-for-teaching-unit-1.csv,175,101,"the,","...t Students will research and present on **the,** social, and ethical implications of a s...",LTC,ABSOLUTE_GRAMMATICAL_ERROR,100,"Extraneous comma after 'the'; should be 'on the social, and ethical implications'."
Computer-Science,gcse-computer-science---guidance-for-teaching-unit-1.csv,176,109,follow up,...estions in advance and participate in a **follow up** discussion. |  {110}-------------------...,LTC,PARSING_ERROR,90,Missing hyphen in the compound adjective 'follow-up'.
Computer-Science,gcse-computer-science---guidance-for-teaching-unit-1.csv,177,110,with regards to,...hould be an understanding of the impact **with regards to** both the positive and negative elements...,LTC,ABSOLUTE_GRAMMATICAL_ERROR,100,Incorrect idiom; should be 'with regard to' or 'as regards'.
Computer-Science,gcse-computer-science---guidance-for-teaching-unit-1.csv,178,115,quicksort,"...gorithm | Some sorting algorithms, like **quicksort** and mergesort, can be understood geomet...",LTC,FALSE_POSITIVE,100,'quicksort' is a correctly spelled technical term for an algorithm.
Computer-Science,gcse-computer-science---guidance-for-teaching-unit-1.csv,179,115,mergesort,"... sorting algorithms, like quicksort and **mergesort**, can be understood geometrically by vis...",LTC,FALSE_POSITIVE,100,'mergesort' is a correctly spelled technical term for an algorithm.
Computer-Science,gcse-computer-science---guidance-for-teaching-unit-1.csv,180,115,Quicksort,...es spatial reasoning. Activity 1: Human **Quicksort** Divide the class into small groups and ...,LTC,FALSE_POSITIVE,100,"Quicksort is a correct technical term, capitalised as part of an activity title."
Computer-Science,gcse-computer-science---guidance-for-teaching-unit-1.csv,181,115,quicksort,...ey must work collaboratively to perform **quicksort** by choosing a 'pivot' number and rearra...,LTC,FALSE_POSITIVE,100,quicksort is a correct technical term for a sorting algorithm.
Computer-Science,gcse-computer-science---guidance-for-teaching-unit-1.csv,182,117,Cyber Security,...---------------  |  |  |  | Activity 1: **Cyber Security** Attack Scenario Create a mock scenario ...,LTC,FALSE_POSITIVE,90,"Cyber Security is acceptable as two words in a title, though 'cybersecurity' (one word) is also common."
Computer-Science,gcse-computer-science---guidance-for-teaching-unit-1.csv,183,120,Caeser,"...ryption and decryption methods, such as **Caeser** Cypher. Successful solutions provide cl...",LTC,SPELLING_ERROR,100,The correct spelling is 'Caesar' (as in Caesar Cypher).
Computer-Science,gcse-computer-science---guidance-for-teaching-unit-1.csv,184,122,selfmanagement,"...lp them develop key life skills such as **selfmanagement**, resilience, and the ability to work in...",LTC,PARSING_ERROR,90,Compound noun 'self-management' requires a hyphen according to OED standards.
Computer-Science,gcse-computer-science---guidance-for-teaching-unit-1.csv,185,125,Black Hat,"... of many tiny parts, called pixels. | | **Black Hat** Hacker | A hacker who violates computer...",LTC,FALSE_POSITIVE,100,Black Hat Hacker is a correct and established technical term in cybersecurity.
Computer-Science,gcse-computer-science---guidance-for-teaching-unit-1.csv,186,126,bpc,"..., this will be as ""bits per component"" (**bpc**). e.g. 8-bit for RGB will be 8-bits for...",LTC,FALSE_POSITIVE,100,bpc is a correct and defined abbreviation for 'bits per component'.
Computer-Science,gcse-computer-science---guidance-for-teaching-unit-1.csv,187,126,Complier,...uage due to syntax or other issues. | | **Complier** | This converts source code into execut...,LTC,SPELLING_ERROR,100,"The correct spelling is 'Compiler', not 'Complier'."
Computer-Science,gcse-computer-science---guidance-for-teaching-unit-1.csv,188,131,Footprinting,...of steps in a process or algorithm. | | **Footprinting** | The first step in the evaluation of t...,LTC,FALSE_POSITIVE,100,Footprinting is a correct technical term in cybersecurity.
Computer-Science,gcse-computer-science---guidance-for-teaching-unit-1.csv,189,133,CLIs,...aces (GUIs) or Command-Line Interfaces (**CLIs**). IMAP: An email protocol used to trans...,LTC,FALSE_POSITIVE,100,CLIs is a correct and defined abbreviation for 'Command-Line Interfaces'.
Computer-Science,gcse-computer-science---guidance-for-teaching-unit-1.csv,190,133,a,... an attacker changing the IP address of **a** IP Address Spoofing legitimate host so ...,LTC,ABSOLUTE_GRAMMATICAL_ERROR,100,"Incorrect article usage; 'IP' has a vowel sound, so 'an' should be used instead of 'a'."
Computer-Science,gcse-computer-science---guidance-for-teaching-unit-1.csv,191,133,look-up,"...record, and it can be Key Field used to **look-up** and refer to individual records. |  | |...",LTC,SPELLING_ERROR,90,"'look up' as a verb phrase should be two words, not hyphenated."
Computer-Science,gcse-computer-science---guidance-for-teaching-unit-1.csv,192,134,or,...ement of the list until a match is found** or** the whole list has been searched. | | L...,LTC,STYLISTIC_PREFERENCE,70,"Adding a comma before 'or' is a stylistic choice, not strictly required for clarity in this sentence."
Computer-Science,gcse-computer-science---guidance-for-teaching-unit-1.csv,193,134,math,...e. E.g. math.sqrt(4) without including '**math**' in the code. | | Load Cost | A routing...,LTC,FALSE_POSITIVE,100,'math' is used as a code module name within an example and is correct in this context. The '&#x27;' is a parsing artifact.
Computer-Science,gcse-computer-science---guidance-for-teaching-unit-1.csv,194,134,so,...ucting the program to do the wrong thing** so** the program works but produces the wron...,LTC,POSSIBLE_AMBIGUOUS_GRAMMATICAL_ERROR,80,A comma before 'so' would improve clarity as it separates two independent clauses.
Computer-Science,gcse-computer-science---guidance-for-teaching-unit-1.csv,195,134,pre defined,... need to choose from – this only allows **pre defined** options. | | Lossless Compression | A m...,LTC,PARSING_ERROR,90,'pre-defined' should be hyphenated as a compound adjective.
Computer-Science,gcse-computer-science---guidance-for-teaching-unit-1.csv,196,137,Phyisical,...porting to be a legitimate company. | | **Phyisical** data breach | A type of data breach; oc...,LTC,SPELLING_ERROR,100,'Phyisical' is a misspelling of 'Physical'.
Computer-Science,gcse-computer-science---guidance-for-teaching-unit-1.csv,197,137,PIcture,".... | | Pixel | The word used to describe **PIcture** ELements, these are the smallest elemen...",LTC,SPELLING_ERROR,90,'PIcture' is incorrectly capitalised; it should be 'Picture'.
Computer-Science,gcse-computer-science---guidance-for-teaching-unit-1.csv,198,137,ELements,"...xel | The word used to describe PIcture **ELements**, these are the smallest elements that c...",LTC,SPELLING_ERROR,90,'ELements' is incorrectly capitalised; it should be 'Elements'.
Computer-Science,gcse-computer-science---guidance-for-teaching-unit-1.csv,199,140,nearest,"... in less accuracy. E.g. 34.5 rounded to **nearest** whole number is 35, an error of +0.5. |...",LTC,ABSOLUTE_GRAMMATICAL_ERROR,100,The definite article 'the' is missing before 'nearest whole number'.
Computer-Science,gcse-computer-science---guidance-for-teaching-unit-1.csv,200,141,ATM machines,... devices placed on payment terminals or **ATM machines**. | | Social engineering | Involves tric...,LTC,ABSOLUTE_GRAMMATICAL_ERROR,100,"The acronym 'ATM' stands for 'Automated Teller Machine', making the word 'machines' redundant."
Computer-Science,gcse-computer-science---guidance-for-teaching-unit-1.csv,201,144,White Hat,...                                    | | **White Hat** Hacker | An ethical security profession...,LTC,PARSING_ERROR,90,The compound term 'White-Hat Hacker' should be hyphenated according to OED standards for compound adjectives.
Computer-Science,gcse-computer-science---guidance-for-teaching-unit-2.csv,0,9,pseudo code,"...st appropriate to use. | |  | • | using **pseudo code**, design and document the following rout...",LTC,SPELLING_ERROR,90,Pseudocode is typically written as one word in computer science contexts.
Computer-Science,gcse-computer-science---guidance-for-teaching-unit-2.csv,1,9,pseudo code,...ners should be familiar with the use of **pseudo code** and must refrain from using any Python ...,LTC,SPELLING_ERROR,90,Pseudocode is typically written as one word in computer science contexts.
Computer-Science,gcse-computer-science---guidance-for-teaching-unit-2.csv,2,18,',...hers including Inside the CPU: Unplugged**'** and a card activity to introduce the co...,LTC,PARSING_ERROR,100,HTML entity &#x27; is a parsing artifact for an apostrophe.
Computer-Science,gcse-computer-science---guidance-for-teaching-unit-2.csv,3,19,meets,... To consider programming solutions that **meets** a set of requirements. |  | | 2.2.1 Des...,LTC,ABSOLUTE_GRAMMATICAL_ERROR,100,Subject-verb agreement error; 'solutions' (plural) requires the verb 'meet' (plural).
Computer-Science,gcse-computer-science---guidance-for-teaching-unit-2.csv,4,20,meets,... To consider programming solutions that **meets** a set of requirements. Learners should ...,LTC,ABSOLUTE_GRAMMATICAL_ERROR,100,Subject-verb agreement error; 'solutions' (plural) requires the verb 'meet' (plural).
Computer-Science,gcse-computer-science---guidance-for-teaching-unit-2.csv,5,22,pre release,...ion making and reflective thinking. The **pre release** brief will give learners the opportunit...,LTC,PARSING_ERROR,90,Pre-release should be hyphenated as a compound adjective.
Computer-Science,gcse-computer-science---guidance-for-teaching-unit-2.csv,6,28,dice,"...l game. For example, randomisation of a **dice** roll, rock/paper/scissors. Games that c...",LTC,ABSOLUTE_GRAMMATICAL_ERROR,90,'Dice' is plural; 'a die roll' is grammatically correct for a single object.
Computer-Science,gcse-computer-science---guidance-for-teaching-unit-2.csv,7,33,groupwork,"... with different ideas and  By promoting **groupwork** to implement and solve problems, this c...",LTC,FALSE_POSITIVE,100,"'Groupwork' is a correctly spelled single word, referring to collaborative activity."
Computer-Science,gcse-computer-science---option-evening-flyer.csv,0,0,teamworking,"...skills - Improve your collaboration and **teamworking** skills - Understand the social, profess...",LTC,PARSING_ERROR,90,The compound adjective 'team-working' should be hyphenated when modifying 'skills' according to OED standards.
Computer-Science,gcse-computer-science---unit-1-understanding-computer-science.csv,10,26,"""","...ber 10 next i 11 12 total = a 13 output **""**The total = "", total 14 15 End addProc `...",LTC,FALSE_POSITIVE,100,"The character '""' is a valid part of a string literal in the provided code block."
Computer-Science,gcse-computer-science---unit-1-understanding-computer-science.csv,11,26,"""","... 11 12 total = a 13 output ""The total = **""**, total 14 15 End addProc ```  (a) Use t...",LTC,FALSE_POSITIVE,100,"The character '""' is a valid part of a string literal in the provided code block."
Computer-Science,gcse-computer-science---unit-1-understanding-computer-science.csv,12,26,analysis analysis,...de optimisation |  | recursion semantic **analysis analysis** |  |  | iteration count |  |  | |-----|...,LTC,PARSING_ERROR,90,"The word 'analysis' is duplicated in the table header, indicating a parsing artifact."
Computer-Science,gcse-computer-science---unit-1-understanding-computer-science.csv,13,26,iteger,... following: 2 2 <ul><li>Error: total is **iteger**</li><li>total is integer Change:</li></...,LTC,SPELLING_ERROR,90,The word 'iteger' is a misspelling of 'integer'.
Computer-Science,gcse-computer-science---unit-1-understanding-computer-science.csv,14,27,Ranso,... | Description | Trojan horses | m ware **Ranso** | ms Wor | ware Spy |  |  |  |  |  |  |...,LTC,PARSING_ERROR,90,The word 'Ranso' is a truncation of 'Ransomware' due to table formatting.
Computer-Science,gcse-computer-science---unit-1-understanding-computer-science.csv,15,27,Wor,...ion | Trojan horses | m ware Ranso | ms **Wor** | ware Spy |  |  |  |  |  |  |  |  |  |...,LTC,PARSING_ERROR,90,The word 'Wor' is a truncation of 'Worms' due to table formatting.
Computer-Science,gcse-computer-science---unit-1-understanding-computer-science.csv,16,29,quo,"... each basic description of Quid 2 2 pro **quo**, up to a maximum of two marks. A basic ...",LTC,FALSE_POSITIVE,100,'Quo' is part of the correct Latin phrase 'Quid pro quo'.
Computer-Science,gcse-computer-science---unit-1-understanding-computer-science.csv,17,30,multi-factor,...ords</li></ul> |  | |  | <ul><li>Enable **multi-factor** authentication (MFA)</li></ul> |  | |  ...,LTC,FALSE_POSITIVE,100,'Multi-factor' is correctly hyphenated as a compound adjective.
Computer-Science,gcse-computer-science---unit-1-understanding-computer-science.csv,18,31,al,...| 1.5 |  | 2 | 2 | 2 | O1 | 2 O | 3 O | **al** ks ot |  |  | |  |  |  | 1.1.1 | 2 1.1....,LTC,PARSING_ERROR,90,"The text 'al' is part of a severely truncated or garbled word in a table header, likely 'Total Marks'."
Computer-Science,gcse-computer-science---unit-1-understanding-computer-science.csv,19,31,ks,....5 |  | 2 | 2 | 2 | O1 | 2 O | 3 O | al **ks** ot |  |  | |  |  |  | 1.1.1 | 2 1.1. | ...,LTC,PARSING_ERROR,90,"The text 'ks' is part of a severely truncated or garbled word in a table header, likely 'Total Marks'."
Computer-Science,gcse-computer-science---unit-1-understanding-computer-science.csv,20,31,ot,...|  | 2 | 2 | 2 | O1 | 2 O | 3 O | al ks **ot** |  |  | |  |  |  | 1.1.1 | 2 1.1. | 3 1...,LTC,PARSING_ERROR,100,"Truncated/corrupted word in a table header, likely 'Total Marks' or similar, caused by PDF conversion."
Computer-Science,gcse-computer-science---unit-2-computer-programming-pre-released-materials.csv,0,3,user friendly,"... They have requested that the system be **user friendly** and therefore, require you to develop a...",LTC,FALSE_POSITIVE,100,"When used predicatively (e.g., 'the system is user friendly'), 'user friendly' is correctly written as two words, not hyphenated."
Computer-Science,gcse-computer-science---unit-2-computer-programming.csv,0,2,on screen,...val of reference to duration bar on the **on screen** assessment in response to recommendatio...,LTC,PARSING_ERROR,90,Compound adjective 'on-screen' requires a hyphen when preceding a noun.
Computer-Science,gcse-computer-science---unit-2-computer-programming.csv,1,9,NetPay,...one mark for the complete line of code: **NetPay**.set(Gross - (Gross * 0.19 + Gross * 0.0...,LTC,FALSE_POSITIVE,100,"'NetPay' is a variable/function name within a code snippet, which is correctly formatted for programming."
Computer-Science,gcse-computer-science---unit-2-computer-programming.csv,2,11,a maximum marks,... mark for describing each example up to **a maximum marks**. Indicative content for each example: |...,LTC,ABSOLUTE_GRAMMATICAL_ERROR,100,Grammatical error; 'a maximum marks' should be 'a maximum of X marks' or 'maximum marks'.
Computer-Science,gcse-computer-science---unit-2-computer-programming.csv,3,12,pseudo-code,...rk for each correct concept designed in **pseudo-code** (Pseudo-code syntax and examples are pr...,LTC,FALSE_POSITIVE,100,'Pseudo-code' is correctly hyphenated as a standard term in computer science.
Computer-Science,gcse-computer-science---unit-2-computer-programming.csv,4,12,HasNumeric,...ntent Declare Surname is String Declare **HasNumeric** is Boolean Declare CurrentChar is Chara...,LTC,FALSE_POSITIVE,100,"'HasNumeric' is a variable name within pseudo-code, correctly formatted for programming."
Computer-Science,gcse-computer-science---unit-2-computer-programming.csv,5,12,CurrentChar,...g Declare HasNumeric is Boolean Declare **CurrentChar** is Character Set HasNumeric = FALSE Out...,LTC,FALSE_POSITIVE,100,"'CurrentChar' is a variable name within pseudo-code, correctly formatted for programming."
Computer-Science,gcse-computer-science---unit-2-computer-programming.csv,6,12,HasNumeric,"...an Declare CurrentChar is Character Set **HasNumeric** = FALSE Output ""Enter the surname: "" In...",LTC,FALSE_POSITIVE,100,"'HasNumeric' is a variable name within pseudo-code, correctly formatted for programming."
Computer-Science,gcse-computer-science---unit-2-computer-programming.csv,7,12,CurrentChar,"...values */ For i = 1 To Len(Surname) Set **CurrentChar** = Mid(Surname, i, 1) If Val(CurrentChar...",LTC,FALSE_POSITIVE,100,"'CurrentChar' is a variable name within pseudo-code, correctly formatted for programming."
Computer-Science,gcse-computer-science---unit-2-computer-programming.csv,8,12,CurrentChar,"...CurrentChar = Mid(Surname, i, 1) If Val(**CurrentChar**) >= 0 AND Val(CurrentChar) <= 9 Then Se...",LTC,FALSE_POSITIVE,100,"'CurrentChar' is a variable name within pseudo-code, correctly formatted for programming."
Computer-Science,gcse-computer-science---unit-2-computer-programming.csv,9,12,CurrentChar,"... i, 1) If Val(CurrentChar) >= 0 AND Val(**CurrentChar**) <= 9 Then Set HasNumeric = TRUE Exit F...",LTC,FALSE_POSITIVE,100,"'CurrentChar' is a variable name within pseudo-code, correctly formatted for programming."
Computer-Science,gcse-computer-science---unit-2-computer-programming.csv,10,12,<=,...(CurrentChar) >= 0 AND Val(CurrentChar) **<=** 9 Then Set HasNumeric = TRUE Exit For E...,LTC,FALSE_POSITIVE,100,"This is a correct comparison operator in pseudo-code, not a linguistic error."
Computer-Science,gcse-computer-science---unit-2-computer-programming.csv,11,12,HasNumeric,...>= 0 AND Val(CurrentChar) <= 9 Then Set **HasNumeric** = TRUE Exit For End If Next i If HasNum...,LTC,FALSE_POSITIVE,100,"HasNumeric is a correctly used variable name in pseudo-code, not a spelling error."
Computer-Science,gcse-computer-science---unit-2-computer-programming.csv,12,12,If,"...asNumeric = TRUE Exit For End If Next i **If** HasNumeric = TRUE Then Output ""Error: S...",LTC,FALSE_POSITIVE,100,"If is a correctly used keyword in pseudo-code, not a linguistic error."
Computer-Science,gcse-computer-science---unit-2-computer-programming.csv,13,12,HasNumeric,"...umeric = TRUE Exit For End If Next i If **HasNumeric** = TRUE Then Output ""Error: Surname shou...",LTC,FALSE_POSITIVE,100,"HasNumeric is a correctly used variable name in pseudo-code, not a spelling error."
Computer-Science,gcse-computer-science---unit-2-computer-programming.csv,14,14,case sensitive,"...e on window reads ""Add Pupil Data"" (not **case sensitive**) 1 (c) • Entry or text widget allowing ...",LTC,FALSE_POSITIVE,90,The phrase 'case sensitive' is correctly written as two words when it follows the noun it modifies.
Computer-Science,gcse-computer-science---unit-2-computer-programming.csv,15,15,IncorrectPassword,...ata: Username: office_manager Password: **IncorrectPassword**</li></ul> |  | 3 |  | 8 | |          | ...,LTC,FALSE_POSITIVE,100,"IncorrectPassword is an example of test data, not a linguistic error in the surrounding text."
Computer-Science,gcse-computer-science---unit-2-computer-programming.csv,16,16,the each,...    |   |  | | (c) | Award one mark for **the each** of the following: <ul><li>Code added to...,LTC,ABSOLUTE_GRAMMATICAL_ERROR,100,Grammatically incorrect phrasing; should be 'each of the following'.
Computer-Science,gcse-computer-science---unit-2-computer-programming.csv,17,17,the each,... | |  | (a) (i) |  | Award one mark for **the each** of the following: <ul><li>entry/text wi...,LTC,ABSOLUTE_GRAMMATICAL_ERROR,100,Grammatically incorrect phrasing; should be 'each of the following'.
Computer-Science,gcse-computer-science---unit-2-computer-programming.csv,18,17,the each,... |  | |  |  | (ii) | Award one mark for **the each** of the following up to a maximum of 3 m...,LTC,ABSOLUTE_GRAMMATICAL_ERROR,100,Grammatically incorrect phrasing; should be 'each of the following'.
Computer-Science,gcse-computer-science---unit-2-computer-programming.csv,19,17,the each,...|  | |  |  | (iii) | Award one mark for **the each** of the following: <ul><li>calculation f...,LTC,ABSOLUTE_GRAMMATICAL_ERROR,100,Grammatically incorrect phrasing; should be 'each of the following'.
Computer-Science,gcse-computer-science---unit-2-computer-programming.csv,20,18,different number of,...ve content: <ul><li>each month may have **different number of** days</li><li>some months have more days...,LTC,FALSE_POSITIVE,90,The phrase 'different number of' is grammatically correct and clear in this context.
Computer-Science,gcse-computer-science---unit-2-computer-programming.csv,21,23,onscreen,...te User Guide for candidates completing **onscreen** assessments. The Surpass software will ...,LTC,PARSING_ERROR,90,Missing hyphen in the compound adjective 'on-screen' according to OED standards.
Computer-Science,gcse-computer-science---unit-2-computer-programming.csv,22,24,encrypted,"...ich only permits access to the required **encrypted** media files, necessaryapplications or d...",LTC,FALSE_POSITIVE,100,The word 'encrypted' is correctly spelled and used as an adjective.
Computer-Science,gcse-computer-science---unit-2-computer-programming.csv,23,24,necessaryapplications,"... to the required encrypted media files, **necessaryapplications** or designated storage device (if requir...",LTC,PARSING_ERROR,100,Merged words 'necessary applications' caused by a parsing artifact.
Computer-Science,gcse-computer-science---unit-2-computer-programming.csv,24,24,keycode,...he examination**.   - An administrative **keycode** will also be available on the Surpass s...,LTC,FALSE_POSITIVE,90,'Keycode' is an acceptable single-word compound in technical contexts.
Computer-Science,gcse-computer-science---unit-2-computer-programming.csv,25,24,keycodes,"... the encrypted media files. - Candidate **keycodes**, which will need to be used to upload e...",LTC,FALSE_POSITIVE,90,'Keycodes' is an acceptable single-word compound in technical contexts.
Computer-Science,gcse-computer-science---unit-2-computer-programming.csv,26,24,candidate 's,...ich will need to be used to upload each **candidate 's** examination work after the examination ...,LTC,PARSING_ERROR,100,"HTML entity '&#x27;' for an apostrophe, indicating a parsing artifact."
Computer-Science,overview-of-consultation-findings.csv,10,15,and,...r for this unit is aware of the concerns** and** we will aim to include writing that rep...,LTC,STYLISTIC_PREFERENCE,70,"The absence of a comma before 'and' joining two independent clauses is a stylistic choice, not an absolute grammatical error."
Computer-Science,overview-of-consultation-findings.csv,11,17,time consuming,...ondents conveying that oracy tasks were **time consuming** and difficult to administer. As a direc...,LTC,PARSING_ERROR,90,'time-consuming' should be hyphenated as a compound adjective in formal writing.
Computer-Science,overview-of-consultation-findings.csv,12,17,with regards to,...t is clearly on 'Continuity and change' **with regards to** both language and ideas. There will now...,LTC,ABSOLUTE_GRAMMATICAL_ERROR,95,"The correct idiom is 'with regard to' or 'in regard to', not 'with regards to'."
Computer-Science,overview-of-consultation-findings.csv,13,18,and,... are supported by this new qualification** and** we will work to ensure that this is the...,LTC,STYLISTIC_PREFERENCE,70,"The absence of a comma before 'and' joining two independent clauses is a stylistic choice, not an absolute grammatical error."
Computer-Science,wjec-gcse-computer-science-specification.csv,0,4,OMPUTER,...| GC  | SE C                          | **OMPUTER** SCIENCE                                ...,LTC,PARSING_ERROR,100,Truncated word 'COMPUTER' due to table parsing error.
Computer-Science,wjec-gcse-computer-science-specification.csv,1,4,ortunities,...|     | Орр                           | **ortunities** for integration of learning experiences...,LTC,PARSING_ERROR,100,"Truncated and corrupted word 'Opportunities' due to parsing error, including a Cyrillic character."
Computer-Science,wjec-gcse-computer-science-specification.csv,2,4,ESSMENT,...| 3   | ASS                           | **ESSMENT**                                        ...,LTC,PARSING_ERROR,100,Truncated word 'ASSESSMENT' due to table parsing error.
Computer-Science,wjec-gcse-computer-science-specification.csv,3,4,es,...|     | Wale                          | **es**                                        ...,LTC,PARSING_ERROR,100,Truncated word 'Wales' due to table parsing error.
Computer-Science,wjec-gcse-computer-science-specification.csv,4,4,endi,...                         | 32 | | App | **endi**                          | x B         ...,LTC,PARSING_ERROR,100,Truncated word 'Appendix' due to table parsing error.
Computer-Science,wjec-gcse-computer-science-specification.csv,5,15,trojan,"...uding: <ul><li>malware such as viruses, **trojan** horses, ransomware, worms and spyware</...",LTC,SPELLING_ERROR,90,"'Trojan' should be capitalized as it refers to a specific type of malware, 'Trojan horses'."
Computer-Science,wjec-gcse-computer-science-specification.csv,6,15,denial of service,...e force and credential stuffing</li><li>**denial of service** attacks such as distributed denial-of s...,LTC,PARSING_ERROR,90,'Denial-of-service' should be hyphenated when used as a compound adjective modifying 'attacks'.
Computer-Science,wjec-gcse-computer-science-specification.csv,7,16,MiTM,"...on and theft such as man-in-the-middle (**MiTM**) attacks, packet sniffing, keylogging, ...",LTC,FALSE_POSITIVE,100,'MiTM' is a correct and commonly used acronym for 'Man-in-the-Middle'.
Computer-Science,wjec-gcse-computer-science-specification.csv,8,17,pseudo-code,"...thods of defining algorithms, including **pseudo-code** and flowcharts. | |  | Learners should ...",LTC,PARSING_ERROR,90,"According to OED, 'pseudocode' should be one word, not hyphenated."
Computer-Science,wjec-gcse-computer-science-specification.csv,9,24,pseudo code,"... required data structures</li><li>using **pseudo code**, design and document the following rout...",LTC,PARSING_ERROR,90,"According to OED, 'pseudocode' should be one word, not two separate words."
Computer-Science,wjec-gcse-computer-science-specification.csv,10,34,<=,...herwise it will return FALSE. |  |  | | **<=** | Less than or equal to | A <= B will r...,LTC,FALSE_POSITIVE,100,"This is a relational operator symbol used in programming, not a linguistic error."
Computer-Science,wjec-gcse-computer-science-specification.csv,11,34,<=,...  |  | | <= | Less than or equal to | A **<=** B will return TRUE if A is the same as ...,LTC,FALSE_POSITIVE,100,"This is a relational operator symbol used in programming, not a linguistic error."
Computer-Science,wjec-gcse-computer-science-specification.csv,12,36,pseudo code,...-----  **Note 3** Algorithms written in **pseudo code** will be represented using the following...,LTC,SPELLING_ERROR,90,The correct spelling according to OED and common computing standards is 'pseudocode' (single word).
Computer-Science,wjec-gcse-computer-science-specification.csv,13,36,CapitalLetterOfName,...------| | Declare subroutines | Declare **CapitalLetterOfName** End Subroutine | | Call a subroutine   ...,LTC,FALSE_POSITIVE,100,"This is a placeholder name for a subroutine in a code example, not a linguistic error."
Computer-Science,wjec-gcse-computer-science-specification.csv,14,36,SubroutineNeeded,...                                 | call **SubroutineNeeded**                                        ...,LTC,FALSE_POSITIVE,100,"This is a placeholder name for a subroutine in a code example, not a linguistic error."
Computer-Science,wjec-gcse-computer-science-specification.csv,15,36,myarray,...                                      | **myarray**[99]                                    ...,LTC,FALSE_POSITIVE,100,"This is a common placeholder variable name in programming examples, not a linguistic error."
Computer-Science,wjec-gcse-computer-science-specification.csv,16,36,myvariable,...                                      | **myvariable**                                        ...,LTC,FALSE_POSITIVE,100,"This is a common placeholder variable name in programming examples, not a linguistic error."
Computer-Science,wjec-gcse-computer-science-specification.csv,17,36,myvariable,"...        | | Define variable data type | **myvariable** is integer | | Data types | integer, ch...",LTC,FALSE_POSITIVE,100,"This is a common placeholder variable name in programming examples, not a linguistic error."
Computer-Science,wjec-gcse-computer-science-specification.csv,18,36,if,...            | | Selection | if else end **if** | | Indent at least single space after ...,LTC,FALSE_POSITIVE,90,'end if' is a valid and common construct in pseudocode for closing a selection block.
Computer-Science,wjec-gcse-computer-science-specification.csv,19,36,while while,... | for i next i repeat until do loop do **while while** repeat | | String handling | mid(string...,LTC,PARSING_ERROR,100,"The repetition 'while while' is a clear duplication error, likely from parsing or a typo."
Computer-Science,wjec-gcse-computer-science-specification.csv,20,36,(,"...e while repeat | | String handling | mid**(**string,x,y) left(string,x) right(string,...",LTC,FALSE_POSITIVE,100,"The parenthesis is part of a pseudo-code function call, not a linguistic error."
Computer-Science,wjec-gcse-computer-science-specification.csv,21,36,(,"...| String handling | mid(string,x,y) left**(**string,x) right(string,x) instring(x,str...",LTC,FALSE_POSITIVE,100,"The parenthesis is part of a pseudo-code function call, not a linguistic error."
Computer-Science,wjec-gcse-computer-science-specification.csv,22,36,(,"...g | mid(string,x,y) left(string,x) right**(**string,x) instring(x,stringa,stringb) le...",LTC,FALSE_POSITIVE,100,"The parenthesis is part of a pseudo-code function call, not a linguistic error."
Computer-Science,wjec-gcse-computer-science-specification.csv,23,36,instring,"...ing,x,y) left(string,x) right(string,x) **instring**(x,stringa,stringb) len(string) val(stri...",LTC,FALSE_POSITIVE,100,`instring` is a pseudo-code function name and is correct as written in this context.
Computer-Science,wjec-gcse-computer-science-specification.csv,24,36,stringa,"...ft(string,x) right(string,x) instring(x,**stringa**,stringb) len(string) val(string) int(st...",LTC,FALSE_POSITIVE,100,`stringa` is a pseudo-code parameter name and is correct as written in this context.
Computer-Science,wjec-gcse-computer-science-specification.csv,25,36,stringb,"...g,x) right(string,x) instring(x,stringa,**stringb**) len(string) val(string) int(string) tr...",LTC,FALSE_POSITIVE,100,`stringb` is a pseudo-code parameter name and is correct as written in this context.
Computer-Science,wjec-gcse-computer-science-specification.csv,26,36,len,"...t(string,x) instring(x,stringa,stringb) **len**(string) val(string) int(string) trim(st...",LTC,FALSE_POSITIVE,100,`len` is a pseudo-code function name and is correct as written in this context.
Computer-Science,wjec-gcse-computer-science-specification.csv,27,36,(,"...tring,x) instring(x,stringa,stringb) len**(**string) val(string) int(string) trim(str...",LTC,FALSE_POSITIVE,100,"The parenthesis is part of a pseudo-code function call, not a linguistic error."
Computer-Science,wjec-gcse-computer-science-specification.csv,28,36,val,"...instring(x,stringa,stringb) len(string) **val**(string) int(string) trim(string) char(n...",LTC,FALSE_POSITIVE,100,`val` is a pseudo-code function name and is correct as written in this context.
Computer-Science,wjec-gcse-computer-science-specification.csv,29,36,(,"...tring(x,stringa,stringb) len(string) val**(**string) int(string) trim(string) char(nu...",LTC,FALSE_POSITIVE,100,"The parenthesis is part of a pseudo-code function call, not a linguistic error."
